Title,Year,Type,Released,Runtime(in mins),Genre,Director,Language,Country,Production,Awards,Nominations,Wins,IMDB Rating,Rotten Tomatoes,Metacritic,Metascore,imdbVotes,BoxOffice,Multigenre,Multilanguage,Multicompany,Multicountry
Movie Movie,1978,movie,04 Jan 1979,105,"Comedy, Musical, Sport",Stanley Donen,English,"United States, United Kingdom",N/A,3 wins & 10 nominations,10,3,6.4,N/A,N,N/A,"1,290",N/A,Yes,No,No,Yes
Blue Movie,1978,movie,10 Aug 1978,81,"Horror, Thriller",Alberto Cavallone,Italian,Italy,N/A,N/A,0,0,4.6,N/A,N,N/A,355,N/A,Yes,No,No,No
The Punk Rock Movie from England,1978,movie,09 Jun 1978,86,"Documentary, Music",Don Letts,English,United Kingdom,N/A,N/A,0,0,6.6,N/A,N,N/A,308,N/A,Yes,No,No,No
Gatchaman The Movie,1978,movie,15 Jul 1978,110,"Animation, Action, Adventure",Hisayuki Toriumi,Japanese,Japan,N/A,1 win & 2 nominations,2,1,6.4,N/A,N,N/A,84,N/A,Yes,No,No,No
Father Movie,1978,movie,N/A,7,Short,Gordon Ball,N/A,United States,N/A,N/A,0,0,N/A,N/A,N,N/A,N/A,N/A,No,No,No,No
Episode 61: &quot;Animal House&quot; (1978) Movie Review,1978,movie,21 Dec 2017,N/A,Talk-Show,N/A,N/A,N/A,N/A,N/A,0,0,N/A,N/A,N,N/A,N/A,N/A,No,No,No,No
Halloween (1978)/The Royal Tenenbaums (2001) - 34 Movie Buff Specialists (Ep 67),1978,movie,15 Jul 2022,N/A,N/A,N/A,N/A,N/A,N/A,N/A,0,0,N/A,N/A,N,N/A,N/A,N/A,No,No,No,No
Still Movie,1978,movie,N/A,3,Short,Yôichi Nagata,N/A,Japan,N/A,N/A,0,0,N/A,N/A,N,N/A,N/A,N/A,No,No,No,No
D.G. Movie Pioneer,1978,movie,N/A,N/A,Documentary,Kalpana Lajmi,English,India,N/A,N/A,0,0,N/A,N/A,N,N/A,N/A,N/A,No,No,No,No
The Muppet Movie,1979,movie,22 Jun 1979,95,"Adventure, Comedy, Family",James Frawley,English,"United Kingdom, United States",N/A,Nominated for 2 Oscars. 4 wins & 11 nominations total,11,4,7.6,89%,74,74,"40,038","$65,810,475",Yes,No,No,Yes
The Bugs Bunny/Road-Runner Movie,1979,movie,28 Sep 1979,98,"Animation, Comedy, Family","Chuck Jones, Phil Monroe, Maurice Noble",English,United States,N/A,1 nomination,1,0,7.3,100%,N,N/A,"4,543",N/A,Yes,No,No,No
The Space Movie,1979,movie,17 Nov 1980,78,Documentary,Tony Palmer,English,United States,N/A,N/A,0,0,7.2,N/A,N,N/A,102,N/A,No,No,No,No
Almost a Movie,1979,movie,05 Mar 1979,48,Crime,Michael J. Murphy,English,United Kingdom,N/A,N/A,0,0,N/A,N/A,N,N/A,54,N/A,No,No,No,No
Track Stars.: The Unseen Heroes of Movie Sound,1979,movie,N/A,8,"Documentary, Short",Terry Burke,English,Canada,N/A,4 nominations,4,0,7.9,N/A,N,N/A,35,N/A,Yes,No,No,No
Ida Makes a Movie,1979,movie,12 Sep 1979,23,"Family, Short","Kit Hood, Linda Schuyler",English,Canada,N/A,N/A,0,0,7.6,N/A,N,N/A,16,N/A,Yes,No,No,No
Shimoochiai Yakitori Movie,1979,movie,23 Jun 1979,86,Comedy,Shinya Yamamoto,Japanese,Japan,N/A,N/A,0,0,N/A,N/A,N,N/A,N/A,N/A,No,No,No,No
The Image Maker and the Indians: E. S. Curtis and His 1914 Kwakiutl Movie,1979,movie,04 Sep 1979,16,"Documentary, Short",N/A,English,United States,N/A,N/A,0,0,N/A,N/A,N,N/A,N/A,N/A,Yes,No,No,No
William Shakespeare: The Movie,1979,movie,N/A,N/A,Short,Sam Raimi,English,United States,N/A,N/A,0,0,N/A,N/A,N,N/A,N/A,N/A,No,No,No,No
Cheech and Chong's Next Movie,1980,movie,18 Jul 1980,99,"Comedy, Crime",Tommy Chong,English,United States,N/A,1 nomination,1,0,6.0,N/A,66,66,"15,160","$41,675,194",Yes,No,No,No
The Gong Show Movie,1980,movie,23 May 1980,89,Comedy,Chuck Barris,English,United States,N/A,N/A,0,0,4.4,N/A,N,N/A,943,"$6,621,520",No,No,No,No
The Making of Superman: The Movie,1980,movie,N/A,52,Documentary,Iain Johnstone,English,United Kingdom,N/A,N/A,0,0,7.0,N/A,N,N/A,161,N/A,No,No,No,No
Denshi Sentai Denjiman: The Movie,1980,movie,12 Jul 1980,N/A,"Action, Sci-Fi",N/A,Japanese,Japan,N/A,N/A,0,0,6.4,N/A,N,N/A,53,N/A,Yes,No,No,No
From the Apennines to the Andes: The Movie,1980,movie,19 Jul 1980,107,"Animation, Adventure, Drama",Isao Takahata,Japanese,Japan,N/A,N/A,0,0,7.6,N/A,N,N/A,44,N/A,Yes,No,No,No
Ann-Margret: Hollywood Movie Girls,1980,movie,03 May 1980,90,"Comedy, Music",Dwight Hemion,English,United States,N/A,Nominated for 1 Primetime Emmy. 1 nomination total,1,0,8.1,N/A,N,N/A,22,N/A,Yes,No,No,No
The American Movie Awards,1980,movie,11 Feb 1980,N/A,N/A,N/A,English,USA,N/A,N/A,0,0,5.8,N/A,N,N/A,16,N/A,No,No,No,No
Making Xanadu: The Musical Fantasy Movie,1980,movie,01 Aug 1980,23,"Documentary, Fantasy, Musical",Alan Metter,English,United States,N/A,N/A,0,0,6.6,N/A,N,N/A,15,N/A,Yes,No,No,No
The Funniest Movie,1980,movie,25 Apr 1980,91,N/A,Chun-Liang Chen,Mandarin,"Taiwan, Hong Kong",N/A,N/A,0,0,6.0,N/A,N,N/A,8,N/A,No,No,No,Yes
Class Project: The Garbage Movie,1980,movie,N/A,23,Short,Martin Defalco,N/A,Canada,N/A,N/A,0,0,N/A,N/A,N,N/A,N/A,N/A,No,No,No,No
"The Looney, Looney, Looney Bugs Bunny Movie",1981,movie,20 Nov 1981,79,"Animation, Comedy, Crime",Friz Freleng,English,United States,N/A,N/A,0,0,7.1,N/A,N,N/A,"2,666",N/A,Yes,No,No,No
Great Movie Stunts: Raiders of the Lost Ark,1981,movie,05 Oct 1981,48,"Documentary, Action",Robert Guenette,English,United States,N/A,Nominated for 3 Primetime Emmys. 1 win & 3 nominations total,3,1,8.0,N/A,N,N/A,167,N/A,Yes,No,No,No
Kamen Rider Super-1: The Movie,1981,movie,14 Mar 1981,46,"Action, Adventure, Drama",N/A,Japanese,Japan,N/A,N/A,0,0,5.4,N/A,N,N/A,98,N/A,Yes,No,No,No
Elvira's Movie Macabre: Count Dracula's Great Love,1981,movie,01 Jan 1981,98,N/A,N/A,N/A,N/A,N/A,N/A,0,0,5.6,N/A,N,N/A,42,N/A,No,No,No,No
Elvira's Movie Macabre: The Devil's Wedding Night,1981,movie,01 Jan 1981,99,N/A,N/A,N/A,N/A,N/A,N/A,0,0,6.6,N/A,N,N/A,41,N/A,No,No,No,No
Making a Monster Movie: Inside 'the Howling',1981,movie,26 Aug 2003,8,"Documentary, Short",Mick Garris,English,United States,N/A,N/A,0,0,5.3,N/A,N,N/A,19,N/A,Yes,No,No,No
Superbman: The Other Movie,1981,movie,01 Jan 1981,30,"Short, Comedy",Dave Teubner,English,United States,N/A,N/A,0,0,7.5,N/A,N,N/A,18,N/A,Yes,No,No,No
The Juggling Movie,1981,movie,01 Jun 1981,10,Short,Patrick Melly,English,United States,N/A,2 wins,0,2,3.5,N/A,N,N/A,7,N/A,No,No,No,No
The Pirate Movie,1982,movie,06 Aug 1982,98,"Adventure, Comedy, Musical","Ken Annakin, Richard Franklin",English,Australia,N/A,3 wins & 9 nominations,9,3,5.4,9%,19,19,"4,896","$7,983,086",Yes,No,No,No
Bugs Bunny's 3rd Movie: 1001 Rabbit Tales,1982,movie,19 Nov 1982,74,"Animation, Adventure, Comedy","Friz Freleng, Chuck Jones, Robert McKimson",English,United States,N/A,N/A,0,0,7.0,N/A,N,N/A,"2,269","$78,350",Yes,No,No,No
Movie Madness,1982,movie,23 Apr 1982,89,Comedy,"Bob Giraldi, Henry Jaglom",English,United States,N/A,N/A,0,0,3.2,0%,N,N/A,"1,361","$63,405",No,No,No,No
Ebba the Movie,1982,movie,14 May 1982,78,"Documentary, Music",Johan Donner,Swedish,Sweden,N/A,N/A,0,0,6.7,N/A,N,N/A,254,N/A,Yes,No,No,No
The Slog Movie,1982,movie,01 Sep 1982,59,"Documentary, Music",David Markey,English,United States,N/A,N/A,0,0,8.1,N/A,N,N/A,93,N/A,Yes,No,No,No
E.T. and Friends: Magical Movie Visitors,1982,movie,14 Dec 1982,46,Documentary,"Malcolm Leo, Andrew Solt",English,United States,N/A,N/A,0,0,7.5,N/A,N,N/A,66,N/A,No,No,No,No
Electric Blue the Movie,1982,movie,01 Mar 1982,96,Comedy,Adam Cole,English,United Kingdom,N/A,N/A,0,0,5.2,N/A,N,N/A,43,N/A,No,No,No,No
Six God Combination God Mars: The Movie,1982,movie,18 Dec 1982,95,"Animation, Action, Sci-Fi",Tetsuo Imazawa,Japanese,Japan,N/A,N/A,0,0,6.1,N/A,N,N/A,34,N/A,Yes,No,No,No
Snow: The Movie,1982,movie,13 Jun 1982,85,Comedy,Robert Gibson,English,Australia,N/A,N/A,0,0,5.2,N/A,N,N/A,30,N/A,No,No,No,No
Dai Sentai Goggle V: The Movie,1982,movie,13 Mar 1982,27,"Short, Action",Shohei Tôjô,Japanese,Japan,N/A,N/A,0,0,6.3,N/A,N,N/A,24,N/A,Yes,No,No,No
Twilight Zone: The Movie,1983,movie,24 Jun 1983,101,"Horror, Sci-Fi","Joe Dante, John Landis, George Miller","English, French, German, Vietnamese",United States,N/A,1 win & 8 nominations,8,1,6.4,60%,44,44,"41,964","$29,450,919",Yes,Yes,No,No
Hot Dog... The Movie,1983,movie,13 Jan 1984,96,"Comedy, Romance, Sport",Peter Markle,English,United States,N/A,N/A,0,0,5.1,N/A,39,39,"4,086","$20,307,325",Yes,No,No,No
Daffy Duck's Movie: Fantastic Island,1983,movie,05 Aug 1983,78,"Family, Animation, Comedy","Friz Freleng, Chuck Jones, Robert McKimson",English,United States,N/A,N/A,0,0,6.9,N/A,N,N/A,"2,225",N/A,Yes,No,No,No
Burroughs: The Movie,1983,movie,11 Apr 1984,90,"Documentary, Biography",Howard Brookner,English,United States,N/A,N/A,0,0,7.0,N/A,N,N/A,827,N/A,Yes,No,No,No
Crusher Joe: The Movie,1983,movie,N/A,132,"Action, Animation, Sci-Fi","Yoshikazu Yasuhiko, Jim Terry",Japanese,Japan,N/A,N/A,0,0,7.0,N/A,N,N/A,368,N/A,Yes,No,No,No
Kagaku Sentai Dynaman the Movie,1983,movie,13 Mar 1983,26,Short,Shohei Tôjô,Japanese,Japan,N/A,N/A,0,0,7.7,N/A,N,N/A,15,N/A,No,No,No,No
Movie Blockbusters: The 15 Greatest Hits of All Time,1983,movie,24 May 1983,N/A,Documentary,Walter C. Miller,English,USA,N/A,N/A,0,0,N/A,N/A,N,N/A,N/A,N/A,No,No,No,No
Movie Star Commercials and Important Messages,1983,movie,N/A,73,"Documentary, Animation, Comedy, History",N/A,English,USA,N/A,N/A,0,0,N/A,N/A,N,N/A,N/A,N/A,Yes,No,No,No
Twilight Zone: The Movie (1983) (Live),1983,movie,27 Jan 2021,N/A,Comedy,Phoenix West,N/A,N/A,N/A,N/A,0,0,N/A,N/A,N,N/A,N/A,N/A,No,No,No,No
Holly - The Movie,1984,movie,13 Jul 1984,85,"Comedy, Drama, Romance","Xaver Schwarzenberger, Otto Waalkes",German,"West Germany, United States, United Kingdom, Canada",N/A,4 wins & 1 nomination,1,4,6.4,N/A,N,N/A,"4,686",N/A,Yes,No,No,Yes
"Kerouac, the Movie",1984,movie,06 Sep 1985,78,"Documentary, Biography, Drama",John Antonelli,English,United States,Daybreak Productions,1 nomination,1,0,6.8,N/A,N,N/A,226,N/A,Yes,No,No,No
Supergirl: The Making of the Movie,1984,movie,N/A,60,Documentary,Peter Hollywood,English,United States,N/A,N/A,0,0,5.4,N/A,N,N/A,93,N/A,No,No,No,No
The Slim Dusty Movie,1984,movie,18 Oct 1984,107,"Documentary, Biography, Drama",Rob Stewart,English,Australia,N/A,N/A,0,0,7.3,N/A,N,N/A,34,N/A,Yes,No,No,No
"Lovingly Yours, Helen (The Movie)",1984,movie,19 Jul 1984,N/A,"Comedy, Drama, Horror",Argel Joseph,"Filipino, Tagalog, English",Philippines,N/A,2 nominations,2,0,5.4,N/A,N,N/A,20,N/A,Yes,Yes,No,No
Pirata! Cult Movie,1984,movie,01 Sep 1984,95,Sci-Fi,Paolo Ricagno,Italian,Italy,N/A,N/A,0,0,7.7,N/A,N,N/A,12,N/A,No,No,No,No
Space Cop Shaider: The Movie,1984,movie,14 Jul 1984,N/A,N/A,N/A,Japanese,Japan,N/A,N/A,0,0,N/A,N/A,N,N/A,N/A,N/A,No,No,No,No
Chodenshi Baioman the Movie,1984,movie,14 Jul 1984,N/A,"Adventure, Fantasy, Sci-Fi",Nagafumi Hori,Japanese,Japan,N/A,N/A,0,0,N/A,N/A,N,N/A,N/A,N/A,Yes,No,No,No
The Care Bears Movie,1985,movie,29 Mar 1985,77,"Animation, Adventure, Comedy","Arna Selznick, Jay Miller, Dick Schneider",English,"Canada, United States, Taiwan, South Korea",N/A,1 win & 2 nominations,2,1,5.6,N/A,46,46,"5,965","$22,934,622",Yes,No,No,Yes
Grunt! The Wrestling Movie,1985,movie,30 Nov 1985,90,"Comedy, Crime, Mystery",Allan Holzman,English,United States,N/A,N/A,0,0,5.2,N/A,N,N/A,332,N/A,Yes,No,No,No
Captain Tsubasa Movie 02 - Attention! The Japanese Junior Selection,1985,movie,21 Dec 1985,60,"Animation, Family, Sport",Hiroyoshi Mitsunobu,Japanese,Japan,N/A,N/A,0,0,7.1,N/A,N,N/A,130,N/A,Yes,No,No,No
Worm Movie,1985,movie,N/A,2,Short,Lung Leg,N/A,United States,N/A,N/A,0,0,6.6,N/A,N,N/A,44,N/A,No,No,No,No
Santa Claus: The Making of the Movie,1985,movie,N/A,50,"Documentary, Family","Danny Huston, Iain Johnstone",English,United Kingdom,N/A,N/A,0,0,7.2,N/A,N,N/A,42,N/A,Yes,No,No,No
Don't Scream: It's Only a Movie!,1985,movie,N/A,85,"Documentary, Horror",Ray Selfe,English,United Kingdom,N/A,N/A,0,0,6.5,N/A,N,N/A,32,N/A,Yes,No,No,No
Cool Runnings: The Reggae Movie,1985,movie,01 Apr 1985,105,"Documentary, Music",Robert Mugge,English,Jamaica,N/A,N/A,0,0,5.9,N/A,N,N/A,11,N/A,Yes,No,No,No
Katotohanan o guniguni? The Movie Part II,1985,movie,N/A,N/A,"Drama, Fantasy, Horror, Thriller",Jose Miranda Cruz,"Filipino, Tagalog",Philippines,N/A,N/A,0,0,7.3,N/A,N,N/A,6,N/A,Yes,Yes,No,No
Biggles: The Making of a Movie,1985,movie,N/A,25,"Documentary, Short","Quentin Falk, Bill Rudgard",English,UK,N/A,N/A,0,0,N/A,N/A,N,N/A,N/A,N/A,Yes,No,No,No
The Transformers: The Movie,1986,movie,08 Aug 1986,84,"Animation, Action, Adventure",Nelson Shin,"English, Japanese","United States, Japan",N/A,2 nominations,2,0,7.2,62%,43,43,"42,841","$5,849,647",Yes,Yes,No,Yes
My Little Pony: The Movie,1986,movie,06 Jun 1986,86,"Animation, Adventure, Family","Mike Joens, Gerry Chiniquy, Ray Lee",English,"United States, Italy, South Korea",N/A,N/A,0,0,5.9,N/A,23,23,"2,926","$5,958,456",Yes,No,No,Yes
Care Bears Movie II: A New Generation,1986,movie,21 Mar 1986,76,"Animation, Adventure, Comedy",Dale Schott,English,"Canada, United States, Taiwan",N/A,1 nomination,1,0,5.5,N/A,N,N/A,"2,552","$8,540,346",Yes,No,No,Yes
Kung Fu: The Movie,1986,movie,01 Feb 1986,89,"Adventure, Drama, Western",Richard Lang,English,United States,N/A,N/A,0,0,6.1,N/A,N,N/A,992,N/A,Yes,No,No,No
A King and His Movie,1986,movie,28 Aug 1986,107,"Comedy, Drama",Carlos Sorin,Spanish,Argentina,N/A,9 wins & 2 nominations,2,9,7.0,N/A,N,N/A,476,N/A,Yes,No,No,No
Robotech: The Movie,1986,movie,08 Jan 1987,87,"Animation, Action, Music","Noboru Ishiguro, Carl Macek","English, Japanese","Japan, United States",N/A,N/A,0,0,6.2,N/A,N,N/A,467,N/A,Yes,Yes,No,Yes
Heathcliff: The Movie,1986,movie,17 Jan 1986,73,"Family, Animation, Comedy",Bruno Bianchi,English,"Canada, France, United States",N/A,N/A,0,0,5.5,N/A,N,N/A,315,"$2,610,686",Yes,No,No,Yes
InHumanoids: The Movie,1986,movie,N/A,85,"Action, Animation, Sci-Fi, Thriller",Ray Lee,English,USA,N/A,N/A,0,0,7.4,N/A,N,N/A,100,N/A,Yes,No,No,No
The Great Movie Robbery,1986,movie,N/A,77,"Comedy, Sci-Fi","Oldrich Lipský, Zdenek Podskalský",Czech,Czechoslovakia,N/A,N/A,0,0,5.4,N/A,N,N/A,91,N/A,Yes,No,No,No
Captain Tsubasa Movie 04: The Great World Competition! The Junior World Cup,1986,movie,12 Jul 1986,57,"Animation, Family, Sport",Tatsuya Okamoto,Japanese,Japan,N/A,N/A,0,0,6.8,N/A,N,N/A,84,N/A,Yes,No,No,No
The Garbage Pail Kids Movie,1987,movie,07 Apr 1988,100,"Adventure, Comedy, Family",Rod Amateau,English,United States,N/A,4 nominations,4,0,2.7,0%,1,1,"8,901","$1,576,615",Yes,No,No,No
G.I. Joe: The Movie,1987,movie,14 Aug 1987,93,"Animation, Action, Adventure, Family, Fantasy, Sci-Fi",Don Jurwich,English,"Japan, USA",N/A,N/A,0,0,7.1,43%,N,N/A,"5,136",N/A,Yes,No,No,Yes
Beaks: The Movie,1987,movie,25 Aug 1988,100,"Horror, Thriller",René Cardona Jr.,English,Mexico,N/A,N/A,0,0,3.6,N/A,N,N/A,874,N/A,Yes,No,No,No
Thundercats Ho! The Movie,1987,movie,16 Nov 1987,91,"Animation, Action, Adventure, Family, Fantasy, Sci-Fi",Katsuhito Akiyama,English,USA,N/A,N/A,0,0,8.1,N/A,N,N/A,426,N/A,Yes,No,No,No
The Puppetoon Movie,1987,movie,12 Jun 1987,79,"Animation, Family",Arnold Leibovit,English,United States,N/A,1 win,0,1,7.1,80%,N,N/A,299,N/A,Yes,No,No,No
Movie in Action,1987,movie,01 Feb 1988,85,"Action, War",Teddy Page,English,Philippines,N/A,N/A,0,0,6.8,N/A,N,N/A,83,N/A,Yes,No,No,No
New York Yankees (the Movie),1987,movie,N/A,96,"Documentary, History, Sport",Lawrence Miller,English,United States,N/A,N/A,0,0,6.7,N/A,N,N/A,55,N/A,Yes,No,No,No
Beirut: The Last Home Movie,1987,movie,25 Feb 1991,123,Documentary,Jennifer Fox,"English, Arabic, French",United States,N/A,5 wins,0,5,6.8,N/A,N,N/A,50,N/A,No,Yes,No,No
Australian Made: The Movie,1987,movie,02 Jul 1987,79,"Documentary, History, Music",Richard Lowenstein,English,Australia,Village Roadshow,N/A,0,0,7.6,N/A,N,N/A,42,N/A,Yes,No,No,No
Life Flight: The Movie,1987,movie,N/A,87,N/A,Donald W. Thompson,English,United States,N/A,N/A,0,0,6.3,N/A,N,N/A,29,N/A,No,No,No,No
Felix the Cat: The Movie,1988,movie,11 May 1989,82,"Animation, Adventure, Comedy",Tibor Hernádi,English,"United States, Germany, Hungary, Poland, Bulgaria, Canada",N/A,N/A,0,0,4.6,N/A,N,N/A,"1,609",N/A,Yes,No,No,Yes
Midnight Movie Massacre,1988,movie,14 May 1988,85,"Comedy, Horror, Sci-Fi","Laurence Jacobs, Mark Stock",English,United States,N/A,N/A,0,0,3.0,N/A,N,N/A,255,N/A,Yes,No,No,No
Bar-B-Que Movie,1988,movie,N/A,11,Short,Alex Winter,English,United States,N/A,N/A,0,0,7.2,N/A,N,N/A,126,N/A,No,No,No,No
U2: The Making of the Movie 'Rattle and Hum',1988,movie,N/A,N/A,"Documentary, Music",N/A,N/A,N/A,N/A,N/A,0,0,7.2,N/A,N,N/A,33,N/A,Yes,No,No,No
The Violence Movie,1988,movie,01 Oct 2017,14,"Short, Comedy",Eric D. Wilkinson,English,United States,N/A,N/A,0,0,6.3,N/A,N,N/A,32,N/A,Yes,No,No,No
Sakigake!! Otokojuku Movie,1988,movie,23 Jun 1988,71,"Animation, Action, Comedy",Tetsuo Imazawa,Japanese,Japan,N/A,N/A,0,0,6.1,N/A,N,N/A,29,N/A,Yes,No,No,No
Starlight: A Musical Movie,1988,movie,N/A,78,Musical,Orin Wechsberg,English,United States,N/A,N/A,0,0,6.4,N/A,N,N/A,25,N/A,No,No,No,No
The Oberlin Obertones Movie,1988,movie,16 Apr 1988,9,"Short, Comedy",Rob Faludi,English,USA,N/A,N/A,0,0,N/A,N/A,N,N/A,N/A,N/A,Yes,No,No,No
Patlabor: The Movie,1989,movie,15 Jul 1989,100,"Animation, Action, Crime","Mamoru Oshii, Kôji Sawai","Japanese, English",Japan,N/A,N/A,0,0,7.0,N/A,N,N/A,"5,773",N/A,Yes,Yes,No,No
Babar: The Movie,1989,movie,28 Jul 1989,70,"Animation, Adventure, Family",Alan Bunce,"English, French","Canada, France, United States, South Korea",N/A,3 nominations,3,0,6.3,N/A,N,N/A,"1,142","$1,305,187",Yes,Yes,No,Yes
Wrath of the Ninja: The Yotoden Movie,1989,movie,27 May 1989,97,"Animation, Action, Adventure","Toshiyuki Sakurai, Osamu Yamasaki",Japanese,Japan,N/A,N/A,0,0,5.5,N/A,N,N/A,485,N/A,Yes,No,No,No
Crossbow: The Movie,1989,movie,N/A,95,"Action, Adventure",George Mihalka,English,"France, UK",N/A,N/A,0,0,6.7,N/A,N,N/A,71,N/A,Yes,No,No,Yes
Marley's Revenge: The Monster Movie,1989,movie,30 Sep 1989,83,"Comedy, Horror",Jet Eller,N/A,United States,N/A,N/A,0,0,6.0,N/A,N,N/A,43,N/A,Yes,No,No,No
No Holds Barred: The Match/The Movie,1989,movie,27 Dec 1989,131,Sport,N/A,English,United States,N/A,N/A,0,0,5.8,N/A,N,N/A,31,N/A,No,No,No,No
Regal Shocker (The Movie),1989,movie,N/A,110,Horror,Jose Javier Reyes,"Filipino, Tagalog",Philippines,N/A,N/A,0,0,6.1,N/A,N,N/A,30,N/A,No,Yes,No,No
Kidou Keiji Jiban the Movie,1989,movie,15 Jul 1989,25,"Short, Sci-Fi",Konishi Mitio,Japanese,Japan,N/A,N/A,0,0,8.8,N/A,N,N/A,20,N/A,Yes,No,No,No
Kousoku Sentai Turboranger: The Movie,1989,movie,18 Mar 1989,25,"Short, Action",Takao Nagaishi,Japanese,Japan,N/A,N/A,0,0,N/A,N/A,N,N/A,12,N/A,Yes,No,No,No
DuckTales the Movie: Treasure of the Lost Lamp,1990,movie,03 Aug 1990,74,"Animation, Adventure, Comedy",Bob Hathcock,English,"France, United States, United Kingdom",N/A,1 nomination,1,0,6.8,100%,N,N/A,"29,123","$18,115,724",Yes,No,No,Yes
Tales from the Darkside: The Movie,1990,movie,04 May 1990,93,"Comedy, Fantasy, Horror",John Harrison,English,United States,N/A,1 win,0,1,6.2,46%,54,54,"19,833","$16,324,573",Yes,No,No,No
Jetsons: The Movie,1990,movie,06 Jul 1990,82,"Animation, Comedy, Family","Iwao Takamoto, Joseph Barbera, William Hanna",English,"United States, Taiwan, Philippines, China",N/A,1 nomination,1,0,5.5,27%,46,46,"5,829","$20,305,841",Yes,No,No,Yes
Chibi Maruko-chan Movie,1990,movie,15 Dec 1990,94,"Animation, Comedy, Family","Tsutomu Shibayama, Yumiko Suda",Japanese,Japan,N/A,N/A,0,0,6.8,N/A,N,N/A,96,N/A,Yes,No,No,No
"Please Hammer, Don't Hurt 'Em: The Movie",1990,movie,N/A,60,Music,Rupert Wainwright,English,USA,N/A,1 win.,0,1,6.6,N/A,N,N/A,47,N/A,No,No,No,No
Making of Dreams: A Movie Conversation between Akira Kurosawa and Nobuhiko Obayashi,1990,movie,02 Nov 1990,150,Documentary,Nobuhiko Ôbayashi,Japanese,Japan,N/A,N/A,0,0,7.6,N/A,N,N/A,43,N/A,No,No,No,No
It's Only a Movie!,1990,movie,N/A,N/A,Comedy,Joe Zaso,English,United States,N/A,N/A,0,0,3.1,N/A,N,N/A,28,N/A,No,No,No,No
DuckTales: The Movie Special,1990,movie,01 Aug 1990,30,Family,"Adam Small, Barbara Williams",English,USA,N/A,N/A,0,0,7.2,N/A,N,N/A,24,N/A,No,No,No,No
Surfers: The Movie,1990,movie,N/A,87,Documentary,Bill Delaney,English,United States,N/A,N/A,0,0,6.9,N/A,N,N/A,19,N/A,No,No,No,No
The Violence Movie 2,1990,movie,N/A,19,"Short, Horror",Eric D. Wilkinson,English,United States,N/A,N/A,0,0,N/A,N/A,N,N/A,6,N/A,Yes,No,No,No
Scary Movie,1991,movie,01 Apr 1991,82,"Comedy, Horror, Thriller",Daniel Erickson,English,United States,N/A,1 win,0,1,4.9,N/A,N,N/A,"1,116",N/A,Yes,No,No,No
"Ranma ½: The Movie, Big Trouble in Nekonron, China",1991,movie,22 Jun 1994,74,"Animation, Comedy, Fantasy",Shûji Iuchi,Japanese,Japan,N/A,N/A,0,0,7.0,N/A,N,N/A,"1,007",N/A,Yes,No,No,No
Chuck Amuck: The Movie,1991,movie,23 Oct 1991,51,"Documentary, Biography","Chuck Jones, John Needham, Abe Levitow",English,United States,N/A,N/A,0,0,7.0,N/A,N,N/A,161,N/A,Yes,No,No,No
F.A.R.T. The Movie,1991,movie,01 May 1991,91,Comedy,Ray Etheridge,English,USA,N/A,N/A,0,0,3.2,N/A,N,N/A,139,N/A,No,No,No,No
"Robin Hood: The Myth, the Man, the Movie",1991,movie,13 Jun 1991,32,Documentary,"Michael Meadows, John Pattyson",English,United States,N/A,N/A,0,0,5.7,N/A,N,N/A,86,N/A,No,No,No,No
Robin Hood: The Movie,1991,movie,N/A,90,Adventure,"Terence Fisher, Ralph Smart",English,UK,N/A,N/A,0,0,6.5,N/A,N,N/A,48,N/A,No,No,No,No
Backyard Movie,1991,movie,27 Sep 1991,9,Short,Bruce Weber,English,United States,N/A,N/A,0,0,7.8,N/A,N,N/A,22,N/A,No,No,No,No
Hot Shots: The Making of an Important Movie,1991,movie,N/A,25,"Documentary, Short",N/A,English,USA,N/A,N/A,0,0,6.0,N/A,N,N/A,7,N/A,Yes,No,No,No
Tom and Jerry: The Movie,1992,movie,30 Jul 1993,84,"Animation, Adventure, Comedy",Phil Roman,English,"United States, Germany, Philippines, United Kingdom, South Korea, Canada, Ireland",N/A,1 win,0,1,5.4,14%,N,N/A,"12,363","$3,560,469",Yes,No,No,Yes
German Fried Movie,1992,movie,09 Apr 1992,88,Comedy,"Uwe Boll, Frank Lustig",German,Germany,N/A,N/A,0,0,1.5,N/A,N,N/A,"1,326",N/A,No,No,No,No
"Ranma ½: The Movie 2, Nihao My Concubine",1992,movie,07 May 1999,60,"Animation, Action, Adventure",Iku Suzuki,Japanese,Japan,N/A,N/A,0,0,7.2,N/A,N,N/A,990,N/A,Yes,No,No,No
1992 MTV Movie Awards,1992,movie,10 Jun 1992,90,Family,Bruce Gowers,English,United States,N/A,1 win & 1 nomination,1,1,4.4,N/A,N,N/A,174,N/A,No,No,No,No
Orkney Snork Nie! (die movie): 'Dis Lekker By Die See',1992,movie,27 Nov 1992,98,Comedy,Willie Esterhuizen,"Afrikaans, English",South Africa,N/A,N/A,0,0,7.1,N/A,N,N/A,80,N/A,No,Yes,No,No
The Black Crowes: Who Killed That Bird Out on Your Window Sill... The Movie,1992,movie,24 Nov 1992,83,Music,N/A,English,USA,Rhino Home Video,N/A,0,0,8.0,N/A,N,N/A,37,N/A,No,No,No,No
Robert's Movie,1992,movie,06 Mar 1992,N/A,N/A,Canan Gerede,N/A,N/A,N/A,N/A,0,0,6.1,N/A,N,N/A,23,N/A,No,No,No,No
Movie Madness,1992,movie,N/A,80,Comedy,Steve Sayre,English,United States,N/A,N/A,0,0,7.9,N/A,N,N/A,15,N/A,No,No,No,No
Home Movie,1992,movie,N/A,93,"Comedy, Drama",Fred Frame,English,Canada,N/A,N/A,0,0,7.0,N/A,N,N/A,5,N/A,Yes,No,No,No
Angelina: The Movie,1992,movie,15 Jul 1992,99,Drama,Romy Suzara,"Tagalog, Filipino",Philippines,N/A,N/A,0,0,N/A,N/A,N,N/A,N/A,N/A,No,Yes,No,No
Patlabor 2: The Movie,1993,movie,05 Nov 1993,113,"Animation, Action, Drama","Mamoru Oshii, Mizuho Nishikubo","Japanese, English",Japan,N/A,1 win,0,1,7.5,N/A,N,N/A,"4,722",N/A,Yes,Yes,No,No
Sailor Moon R: The Movie: The Promise of the Rose,1993,movie,08 Feb 2000,61,"Animation, Action, Comedy",Kunihiko Ikuhara,"English, Japanese",Japan,N/A,1 win & 1 nomination,1,1,7.7,N/A,N,N/A,"2,938","$619,902",Yes,Yes,No,No
Yu Yu Hakusho: The Movie,1993,movie,09 Jun 1998,30,"Animation, Short, Action","Noriyuki Abe, Akihiro Enomoto, Atsuko Inoue",Japanese,Japan,N/A,N/A,0,0,6.2,N/A,N,N/A,530,N/A,Yes,No,No,No
Lucy and Desi: A Home Movie,1993,movie,14 Feb 1993,108,"Documentary, Comedy, Music",N/A,English,United States,N/A,Won 1 Primetime Emmy. 1 win total,0,1,8.1,N/A,N,N/A,251,N/A,Yes,No,No,No
1993 MTV Movie Awards,1993,movie,13 Jul 1993,N/A,Family,"Bruce Gowers, Troy Miller",English,United States,N/A,2 nominations,2,0,3.8,N/A,N,N/A,228,N/A,No,No,No,No
The Scary Movie,1993,movie,N/A,7,"Short, Horror",Peggy Ahwesh,English,United States,N/A,N/A,0,0,5.5,N/A,N,N/A,71,N/A,Yes,No,No,No
Orkney Snork Nie! 2 (nog 'n movie),1993,movie,24 Dec 1993,97,Comedy,Willie Esterhuizen,"Afrikaans, English",South Africa,N/A,N/A,0,0,7.2,N/A,N,N/A,50,N/A,No,Yes,No,No
Home Along da Riles da Movie,1993,movie,26 Aug 1993,130,"Action, Comedy, Crime",Johnny Manahan,"Filipino, Tagalog, English",Philippines,N/A,N/A,0,0,7.4,N/A,N,N/A,47,N/A,Yes,Yes,No,No
The Legend of an Erotic Movie Star,1993,movie,14 Apr 1993,N/A,Drama,Bong Siu,"Cantonese, Mandarin",Hong Kong,N/A,N/A,0,0,5.2,N/A,N,N/A,30,N/A,No,Yes,No,No
The Clever Dog Sonya. Second Movie,1993,movie,N/A,6,"Animation, Short",Vadim Medzhibovskiy,Russian,Russia,N/A,N/A,0,0,5.6,N/A,N,N/A,20,N/A,Yes,No,No,No
It's Pat: The Movie,1994,movie,26 Aug 1994,77,Comedy,Adam Bernstein,"English, Japanese",United States,N/A,1 win & 7 nominations,7,1,2.8,0%,N,N/A,"10,563","$60,822",No,Yes,No,No
Street Fighter II: The Animated Movie,1994,movie,16 Jan 1996,102,"Animation, Action, Adventure",Gisaburô Sugii,Japanese,Japan,N/A,N/A,0,0,7.2,80%,N,N/A,"10,128",N/A,Yes,No,No,No
Sailor Moon S: The Movie - Hearts in Ice,1994,movie,23 May 2000,60,"Animation, Action, Comedy",Hiroki Shibata,"Japanese, English",Japan,N/A,N/A,0,0,7.6,N/A,N,N/A,"2,309","$167,849",Yes,Yes,No,No
Slam Dunk: The Movie,1994,movie,12 Mar 1994,30,"Animation, Short, Drama",Nobutaka Nishizawa,Japanese,Japan,N/A,N/A,0,0,7.6,N/A,N,N/A,419,N/A,Yes,No,No,No
Movie Days,1994,movie,30 Jun 1994,82,Drama,Friðrik Þór Friðriksson,Icelandic,"Iceland, Germany, Denmark",N/A,2 wins & 1 nomination,1,2,6.5,N/A,N,N/A,359,N/A,No,No,No,Yes
Fredrikssons fabrikk - The movie,1994,movie,26 Dec 1994,92,Comedy,Bo Hermansson,"Norwegian, Swedish",Norway,N/A,N/A,0,0,4.9,N/A,N,N/A,340,N/A,No,Yes,No,No
Murder or Memory: A Moment of Truth Movie,1994,movie,12 Dec 1994,105,"Crime, Drama, Thriller",Christopher Leitch,English,United States,N/A,N/A,0,0,5.9,N/A,N,N/A,142,N/A,Yes,No,No,No
Fake Movie Page,1994,movie,N/A,N/A,N/A,Saji,Malayalam,India,N/A,N/A,0,0,6.1,N/A,N,N/A,73,N/A,No,No,No,No
Amba - First Movie,1994,movie,N/A,8,"Animation, Short, Sci-Fi",Gennadiy Tishchenko,Russian,Russia,N/A,N/A,0,0,N/A,N/A,N,N/A,69,N/A,Yes,No,No,No
A Goofy Movie,1995,movie,07 Apr 1995,78,"Animation, Adventure, Comedy",Kevin Lima,English,"United States, Australia, France, Canada, Spain",N/A,5 nominations,5,0,6.9,59%,53,53,"64,386","$35,348,597",Yes,No,No,Yes
The Brady Bunch Movie,1995,movie,17 Feb 1995,90,Comedy,Betty Thomas,English,United States,N/A,3 nominations,3,0,6.2,64%,54,54,"24,875","$46,576,136",No,No,No,No
Trinity and Beyond: The Atomic Bomb Movie,1995,movie,29 Sep 1995,92,"Documentary, History",Peter Kuran,English,USA,N/A,1 win & 1 nomination.,1,1,7.9,N/A,N,N/A,"3,267",N/A,Yes,No,No,No
Sailor Moon SuperS: The Movie: Black Dream Hole,1995,movie,23 May 2000,75,"Animation, Action, Comedy",Hiroki Shibata,"English, Japanese",Japan,N/A,N/A,0,0,7.4,N/A,N,N/A,"1,863",N/A,Yes,Yes,No,No
Gumby: The Movie,1995,movie,01 Dec 1995,90,"Animation, Adventure, Comedy",Art Clokey,English,United States,N/A,N/A,0,0,6.0,20%,N,N/A,"1,074","$57,100",Yes,No,No,No
Macross Plus Movie Edition,1995,movie,N/A,115,"Animation, Action, Adventure","Shôji Kawamori, Yûji Moriyama, Shin'ichirô Watanabe",Japanese,Japan,N/A,N/A,0,0,7.5,N/A,N,N/A,712,N/A,Yes,No,No,No
Wigstock: The Movie,1995,movie,09 Jun 1995,85,Documentary,Barry Shils,English,"Germany, United States",N/A,1 nomination,1,0,6.9,80%,N,N/A,697,"$686,152",No,No,No,Yes
Murder Was the Case: The Movie,1995,movie,14 Feb 1995,18,"Short, Comedy, Crime, Drama, Horror, Music","Dr. Dre, Fab 5 Freddy, F. Gary Gray, Ricky Harris",English,USA,N/A,N/A,0,0,6.0,N/A,N,N/A,554,N/A,Yes,No,No,No
Monster Mash: The Movie,1995,movie,14 Nov 1995,82,"Comedy, Horror, Musical","Joel Cohen, Alec Sokolow",English,United States,N/A,N/A,0,0,3.9,N/A,N,N/A,265,N/A,Yes,No,No,No
Mystery Science Theater 3000: The Movie,1996,movie,19 Apr 1996,73,"Comedy, Drama, Fantasy",Jim Mallon,English,United States,N/A,1 nomination,1,0,7.2,80%,65,65,"19,021","$1,007,306",Yes,No,No,No
Doctor Who: The Movie,1996,movie,14 May 1996,89,"Adventure, Drama, Sci-Fi",Geoffrey Sax,English,"United States, United Kingdom",N/A,1 win & 1 nomination,1,1,6.3,N/A,N,N/A,"10,736",N/A,Yes,No,No,Yes
Tenchi the Movie - Tenchi Muyo in Love,1996,movie,16 Aug 1996,95,"Animation, Adventure, Comedy",Hiroshi Negishi,Japanese,Japan,N/A,N/A,0,0,7.1,N/A,N,N/A,"1,498",N/A,Yes,No,No,No
Black Jack: The Movie,1996,movie,24 Apr 2001,90,"Animation, Drama, Thriller",Osamu Dezaki,Japanese,Japan,N/A,1 win,0,1,6.7,N/A,N,N/A,"1,135",N/A,Yes,No,No,No
A Secret Between Friends: A Moment of Truth Movie,1996,movie,19 Feb 1996,96,Drama,James A. Contner,"English, French","United States, Canada",N/A,N/A,0,0,6.3,N/A,N,N/A,"1,048",N/A,No,Yes,No,Yes
Hugo: The Movie Star,1996,movie,20 Dec 1996,68,"Animation, Family, Musical","Stefan Fjeldmark, Jørgen Lerdam, Flemming Quist Møller",Danish,"Denmark, Sweden, Norway, Finland",N/A,N/A,0,0,5.4,N/A,N,N/A,830,N/A,Yes,No,No,Yes
Hollywood: The Movie,1996,movie,N/A,98,"Comedy, Fantasy",Joseph Allen,English,USA,N/A,N/A,0,0,3.2,N/A,N,N/A,695,N/A,Yes,No,No,No
Mighty Ducks the Movie: The First Face-Off,1996,movie,08 Apr 1997,66,"Animation, Action, Comedy, Family, Sci-Fi","Joe Barruso, Doug Murphy, Blair Peters, Baekyup Sung",English,USA,N/A,N/A,0,0,5.9,N/A,N,N/A,598,N/A,Yes,No,No,No
Freebird: The Movie,1996,movie,30 Aug 1996,101,Documentary,Jeff G. Waxman,English,United States,N/A,N/A,0,0,8.2,N/A,N,N/A,400,"$30,549",No,No,No,No
The Batman Superman Movie: World's Finest,1997,movie,04 Oct 1997,64,"Animation, Action, Adventure",Toshihiko Masuda,English,United States,N/A,N/A,0,0,7.7,N/A,N,N/A,"10,200",N/A,Yes,No,No,No
Turbo: A Power Rangers Movie,1997,movie,28 Mar 1997,99,"Action, Adventure, Family","Shuki Levy, David Winning",English,"Japan, United States",N/A,1 nomination,1,0,3.7,16%,35,35,"10,047","$8,363,899",Yes,No,No,Yes
Rurouni Kenshin: The Movie,1997,movie,27 Mar 2001,90,"Animation, Action, Drama",Tsuji Hajiki,Japanese,Japan,N/A,N/A,0,0,7.3,N/A,N,N/A,"2,940",N/A,Yes,No,No,No
Tenchi the Movie 2: The Daughter of Darkness,1997,movie,31 Mar 1998,95,"Animation, Comedy, Fantasy",Satoshi Kimura,Japanese,Japan,N/A,N/A,0,0,6.8,N/A,N,N/A,740,N/A,Yes,No,No,No
The Wiggles Movie,1997,movie,16 Jan 1997,83,"Adventure, Comedy, Family",Dean Covell,English,"Australia, United States",N/A,N/A,0,0,6.3,N/A,N,N/A,543,N/A,Yes,No,No,Yes
Bimbo Movie Bash,1997,movie,24 Jun 1997,80,"Comedy, Horror, Sci-Fi","Mike Mendez, Dave Parker",English,United States,N/A,N/A,0,0,3.2,N/A,N,N/A,394,N/A,Yes,No,No,No
Bad Movie,1997,movie,02 Aug 1997,144,"Crime, Drama",Jang Sun-woo,Korean,South Korea,N/A,2 wins,0,2,6.4,N/A,N,N/A,296,N/A,Yes,No,No,No
Dibu: The Movie,1997,movie,10 Jul 1997,105,"Comedy, Family, Fantasy","Carlos Olivieri, Alejandro Stoessel",Spanish,Argentina,N/A,N/A,0,0,3.8,N/A,N,N/A,190,N/A,Yes,No,No,No
The Accident: A Moment of Truth Movie,1997,movie,15 Sep 1997,88,Drama,Chuck Bowman,English,"United States, Canada",N/A,1 win,0,1,5.7,N/A,N,N/A,186,N/A,No,No,No,Yes
Pokémon: The First Movie - Mewtwo Strikes Back,1998,movie,12 Nov 1999,96,"Animation, Action, Adventure",Kunihiko Yuyama,"Japanese, English",Japan,N/A,3 wins & 6 nominations,6,3,6.3,16%,35,35,"46,885","$85,744,662",Yes,Yes,No,No
The Rugrats Movie,1998,movie,20 Nov 1998,79,"Animation, Adventure, Comedy","Igor Kovalyov, Norton Virgien",English,"United States, United Kingdom, South Korea",N/A,2 wins & 6 nominations,6,2,5.9,59%,62,62,"21,050","$100,494,675",Yes,No,No,Yes
Rudolph the Red-Nosed Reindeer: The Movie,1998,movie,16 Oct 1998,83,"Animation, Adventure, Family",William R. Kowalchuk Jr.,English,"United States, Canada, Hong Kong",N/A,2 nominations,2,0,5.8,40%,N,N/A,"3,220","$113,484",Yes,No,No,Yes
Gundam Wing: The Movie - Endless Waltz,1998,movie,10 Nov 2000,90,"Animation, Action, Drama","Yasunao Aoki, Nana Harada",English,Japan,N/A,N/A,0,0,7.7,N/A,N,N/A,"2,699",N/A,Yes,No,No,No
Hercules and Xena - The Animated Movie: The Battle for Mount Olympus,1998,movie,06 Jan 1998,80,"Animation, Action, Adventure, Family, Fantasy",Lynne Naylor,English,USA,N/A,1 nomination.,1,0,5.6,N/A,N,N/A,848,N/A,Yes,No,No,No
Beach Movie,1998,movie,25 Nov 1998,90,Comedy,John Quinn,English,United States,N/A,N/A,0,0,3.1,N/A,N,N/A,432,N/A,No,No,No,No
Broken Silence: A Moment of Truth Movie,1998,movie,07 Sep 1998,87,Drama,Joseph L. Scanlan,English,United States,N/A,N/A,0,0,5.9,N/A,N,N/A,333,N/A,No,No,No,No
Shattered Hearts: A Moment of Truth Movie,1998,movie,07 Jan 1998,89,"Drama, Romance",James A. Contner,English,United States,N/A,N/A,0,0,5.8,N/A,N,N/A,267,N/A,Yes,No,No,No
The Cowboy and the Movie Star,1998,movie,07 Jun 1998,100,"Drama, Romance",Mark Griffiths,English,United States,N/A,N/A,0,0,6.1,N/A,N,N/A,261,N/A,Yes,No,No,No
Black Spring Break: The Movie,1998,movie,N/A,90,Comedy,Marlon Parry,English,United States,N/A,N/A,0,0,2.0,N/A,N,N/A,199,N/A,No,No,No,No
Pokémon the Movie 2000,1999,movie,21 Jul 2000,99,"Animation, Action, Adventure",Kunihiko Yuyama,Japanese,"Japan, United States",N/A,2 nominations,2,0,6.1,N/A,28,28,"24,323","$43,758,684",Yes,No,No,Yes
American Movie,1999,movie,13 Apr 2000,107,"Documentary, Comedy",Chris Smith,English,United States,N/A,6 wins & 6 nominations,6,6,7.8,94%,84,84,"19,889","$1,165,795",Yes,No,No,No
Batman Beyond: The Movie,1999,movie,10 Jan 1999,41,"Animation, Action, Sci-Fi","Curt Geda, Butch Lukic, Dan Riba",English,United States,N/A,N/A,0,0,7.7,N/A,N,N/A,"6,670",N/A,Yes,No,No,No
Doug's 1st Movie,1999,movie,26 Mar 1999,77,"Animation, Adventure, Comedy",Maurice Joyce,English,"United States, South Korea",N/A,1 nomination,1,0,4.9,28%,N,N/A,"3,582","$19,440,089",Yes,No,No,Yes
The Underground Comedy Movie,1999,movie,14 May 1999,88,Comedy,Vince Offer,English,United States,N/A,1 win,0,1,2.0,33%,N,N/A,"2,766",$856,No,No,No,No
Revolutionary Girl Utena: The Movie,1999,movie,14 Aug 1999,100,"Animation, Action, Adventure","Kunihiko Ikuhara, Shingo Kaneko, Katsushi Sakurabi","English, Japanese",Japan,N/A,N/A,0,0,7.2,N/A,N,N/A,"1,867",N/A,Yes,Yes,No,No
Cardcaptor Sakura: The Movie,1999,movie,01 Jan 2000,80,"Animation, Adventure, Comedy","Morio Asaka, Terry Klassen",Japanese,"Japan, United States, Canada",N/A,N/A,0,0,7.2,N/A,N,N/A,"1,858",N/A,Yes,No,No,Yes
Soccer Dog: The Movie,1999,movie,23 Jul 1999,98,"Comedy, Family, Sport",Tony Giglio,English,United States,N/A,N/A,0,0,3.1,N/A,N,N/A,"1,765",N/A,Yes,No,No,No
GTO: The Movie,1999,movie,18 Dec 1999,108,"Comedy, Drama",Masayuki Suzuki,Japanese,Japan,N/A,N/A,0,0,6.6,N/A,N,N/A,"1,197",N/A,Yes,No,No,No
Dr. Quinn Medicine Woman: The Movie,1999,movie,22 May 1999,86,"Drama, Western",James Keach,English,United States,N/A,Nominated for 1 Primetime Emmy. 2 nominations total,2,0,6.7,N/A,N,N/A,"1,061",N/A,Yes,No,No,No
Scary Movie,2000,movie,07 Jul 2000,88,Comedy,Keenen Ivory Wayans,English,United States,N/A,7 wins & 6 nominations,6,7,6.3,51%,48,48,"294,356","$157,019,771",No,No,No,No
The Tigger Movie,2000,movie,11 Feb 2000,77,"Animation, Adventure, Comedy",Jun Falkenstein,English,"Japan, United States",N/A,4 nominations,4,0,6.3,62%,53,53,"20,662","$45,554,533",Yes,No,No,Yes
Pokémon 3 the Movie: Spell of the Unown,2000,movie,06 Apr 2001,93,"Animation, Action, Adventure",Kunihiko Yuyama,Japanese,Japan,N/A,N/A,0,0,5.8,N/A,N,N/A,"15,531","$17,052,128",Yes,No,No,No
Left Behind: The Movie,2000,movie,02 Feb 2001,96,"Action, Drama, Fantasy",Vic Sarin,English,Canada,N/A,3 nominations,3,0,4.3,16%,22,22,"10,721","$4,224,065",Yes,No,No,No
An Extremely Goofy Movie,2000,movie,29 Feb 2000,79,"Animation, Comedy, Family, Sport",Douglas McCarthy,English,"USA, Australia",N/A,2 wins & 1 nomination.,1,2,6.4,63%,N,N/A,"10,662",N/A,Yes,No,No,Yes
One Piece: The Movie,2000,movie,04 Mar 2000,51,"Animation, Action, Adventure",Junji Shimizu,Japanese,Japan,N/A,N/A,0,0,6.9,N/A,N,N/A,"8,836",N/A,Yes,No,No,No
Digimon: The Movie,2000,movie,06 Oct 2000,82,"Animation, Action, Adventure","Bob Buchholz, Mamoru Hosoda, Jeff Nimoy",English,"Japan, United States",N/A,1 win & 1 nomination,1,1,6.0,24%,20,20,"8,063","$9,631,153",Yes,No,No,Yes
Escaflowne: The Movie,2000,movie,24 Jun 2000,98,"Adventure, Animation, Drama","Kazuki Akane, Yoshiyuki Takei","English, Japanese",Japan,N/A,N/A,0,0,6.6,43%,50,50,"3,867","$94,060",Yes,Yes,No,No
Steal This Movie,2000,movie,28 Jun 2002,107,"Biography, Drama, Romance",Robert Greenwald,English,United States,N/A,2 nominations,2,0,6.3,51%,36,36,"2,422","$76,424",Yes,No,No,No
Homicide: The Movie,2000,movie,13 Feb 2000,88,"Crime, Drama",Jean de Segonzac,English,United States,N/A,Nominated for 1 Primetime Emmy. 1 nomination total,1,0,7.7,86%,N,N/A,"2,146",N/A,Yes,No,No,No
Scary Movie 2,2001,movie,04 Jul 2001,83,"Comedy, Horror",Keenen Ivory Wayans,English,United States,N/A,3 wins & 5 nominations,5,3,5.4,13%,29,29,"178,248","$71,308,997",Yes,No,No,No
Not Another Teen Movie,2001,movie,14 Dec 2001,89,Comedy,Joel Gallen,"English, Italian",United States,N/A,5 nominations,5,0,5.8,32%,32,32,"118,501","$38,252,284",No,Yes,No,No
Cowboy Bebop: The Movie,2001,movie,16 May 2003,115,"Animation, Action, Crime","Shin'ichirô Watanabe, Tensai Okamura, Hiroyuki Okiura","Japanese, English","Japan, United States",N/A,2 nominations,2,0,7.8,67%,61,61,"54,213","$1,000,045",Yes,Yes,No,Yes
Samurai Jack: The Premiere Movie,2001,movie,10 Aug 2001,90,"Animation, Action, Adventure","Genndy Tartakovsky, Robert Alvarez, Randy Myers",English,United States,N/A,N/A,0,0,8.6,N/A,N,N/A,"2,915",N/A,Yes,No,No,No
Inuyasha the Movie: Affections Touching Across Time,2001,movie,25 May 2005,100,"Animation, Action, Adventure",Toshiya Shinohara,Japanese,Japan,N/A,N/A,0,0,7.2,N/A,N,N/A,"2,880",N/A,Yes,No,No,No
Christmas Carol: The Movie,2001,movie,07 Dec 2001,77,"Animation, Family, Fantasy",Jimmy T. Murakami,English,"United Kingdom, Germany",N/A,1 nomination,1,0,5.4,13%,N,N/A,"2,203",N/A,Yes,No,No,Yes
Jett Jackson: The Movie,2001,movie,08 Jun 2001,100,"Action, Adventure, Comedy",Shawn Levy,English,Canada,N/A,1 win & 4 nominations,4,1,6.1,N/A,N,N/A,"1,350",N/A,Yes,No,No,No
Home Movie,2001,movie,25 Jan 2001,66,Documentary,Chris Smith,"English, Hawaiian",United States,N/A,1 nomination,1,0,7.1,87%,67,67,769,"$119,052",No,Yes,No,No
Azumanga Daioh: The Very Short Movie,2001,movie,25 Apr 2001,6,"Animation, Comedy, Short",Hiroshi Nishikiori,Japanese,Japan,N/A,N/A,0,0,7.4,N/A,N,N/A,487,N/A,Yes,No,No,No
Shenmue: The Movie,2001,movie,20 Jan 2001,88,"Action, Adventure, Crime",Yu Suzuki,Japanese,Japan,N/A,N/A,0,0,7.0,N/A,N,N/A,371,N/A,Yes,No,No,No
Jackass: The Movie,2002,movie,25 Oct 2002,85,"Documentary, Action, Comedy",Jeff Tremaine,"English, Japanese, Spanish",United States,N/A,1 win & 7 nominations,7,1,6.6,49%,42,42,"103,314","$64,255,312",Yes,Yes,No,No
The Powerpuff Girls Movie,2002,movie,03 Jul 2002,73,"Animation, Action, Adventure",Craig McCracken,English,"United States, South Korea","Warner Brothers, Cartoon Network",N/A,0,0,6.5,63%,65,65,"11,197","$11,412,414",Yes,No,Yes,Yes
Hey Arnold! The Movie,2002,movie,28 Jun 2002,76,"Animation, Adventure, Comedy",Tuck Tucker,English,"United States, United Kingdom, South Korea",N/A,1 nomination,1,0,5.9,29%,47,47,"7,931","$13,728,902",Yes,No,No,Yes
It's a Very Merry Muppet Christmas Movie,2002,movie,29 Nov 2002,100,"Adventure, Comedy, Family",Kirk R. Thatcher,English,"United States, Canada",N/A,Nominated for 1 Primetime Emmy. 2 nominations total,2,0,6.3,83%,N,N/A,"4,690",N/A,Yes,No,No,Yes
Jonah: A VeggieTales Movie,2002,movie,08 Nov 2002,82,"Animation, Adventure, Comedy","Phil Vischer, Mike Nawrocki",English,United States,N/A,2 nominations,2,0,6.4,66%,58,58,"4,612","$25,581,229",Yes,No,No,No
Hundtricket - The Movie,2002,movie,25 Oct 2002,106,"Comedy, Drama, Romance","Christian Eklöw, Christopher Panov",Swedish,Sweden,N/A,1 win & 1 nomination,1,1,5.5,N/A,N,N/A,"3,424",N/A,Yes,No,No,No
InuYasha the Movie 2: The Castle Beyond the Looking Glass,2002,movie,28 Dec 2004,99,"Animation, Action, Comedy",Toshiya Shinohara,"Japanese, English",Japan,N/A,N/A,0,0,7.3,N/A,N,N/A,"2,390",N/A,Yes,Yes,No,No
2002 MTV Movie Awards,2002,movie,06 Jun 2002,120,N/A,Bruce Gowers,English,United States,N/A,N/A,0,0,6.4,N/A,N,N/A,637,N/A,No,No,No,No
Joan Crawford: The Ultimate Movie Star,2002,movie,01 Aug 2002,87,Documentary,Peter Fitzgerald,English,United States,Fitzfilm,N/A,0,0,7.5,N/A,N,N/A,557,N/A,No,No,No,No
The Real World Movie: The Lost Season,2002,movie,06 Aug 2002,87,Comedy,Jeffrey Reiner,English,"Canada, United States",N/A,N/A,0,0,3.0,N/A,N,N/A,527,N/A,No,No,No,Yes
Scary Movie 3,2003,movie,24 Oct 2003,84,Comedy,David Zucker,English,"United States, Canada",N/A,2 wins & 4 nominations,4,2,5.6,35%,49,49,"161,252","$110,003,217",No,No,No,Yes
The Lizzie McGuire Movie,2003,movie,02 May 2003,94,"Adventure, Comedy, Family",Jim Fall,"English, Italian",United States,N/A,2 wins & 3 nominations,3,2,5.5,40%,56,56,"42,744","$42,734,455",Yes,Yes,No,No
Piglet's Big Movie,2003,movie,22 Apr 2003,75,"Animation, Adventure, Comedy",Francis Glebas,English,"United States, Japan",N/A,1 nomination,1,0,6.1,70%,62,62,"8,878","$23,103,423",Yes,No,No,Yes
Stitch! The Movie,2003,movie,25 Aug 2003,60,"Animation, Adventure, Comedy, Family, Sci-Fi","Tony Craig, Roberts Gannaway","Hawaiian, English",USA,N/A,2 nominations.,2,0,6.2,20%,N,N/A,"8,719",N/A,Yes,Yes,No,No
The Even Stevens Movie,2003,movie,13 Jun 2003,93,"Comedy, Family",Sean McNamara,English,United States,N/A,1 win & 5 nominations,5,1,6.2,50%,N,N/A,"7,625",N/A,Yes,No,No,No
Blue Collar Comedy Tour: The Movie,2003,movie,28 Mar 2003,105,"Comedy, Documentary",C.B. Harding,English,United States,N/A,N/A,0,0,7.1,92%,70,70,"4,775","$604,856",Yes,No,No,No
The Last Horror Movie,2003,movie,13 May 2005,80,"Horror, Thriller",Julian Richards,English,United Kingdom,N/A,15 wins & 3 nominations,3,15,5.5,56%,N,N/A,"4,081",N/A,Yes,No,No,No
InuYasha the Movie 3: Swords of an Honorable Ruler,2003,movie,01 May 2006,99,"Animation, Action, Adventure",Toshiya Shinohara,Japanese,Japan,N/A,N/A,0,0,7.6,N/A,N,N/A,"2,451",N/A,Yes,No,No,No
15: The Movie,2003,movie,23 Oct 2003,96,"Drama, Comedy",Royston Tan,"Hokkien, Mandarin",Singapore,N/A,7 wins & 3 nominations,3,7,6.0,50%,47,47,831,N/A,Yes,Yes,No,No
The Movie Hero,2003,movie,08 Mar 2003,98,"Comedy, Romance",Brad T. Gottfred,English,United States,N/A,6 wins,0,6,6.2,N/A,N,N/A,827,N/A,Yes,No,No,No
The SpongeBob SquarePants Movie,2004,movie,19 Nov 2004,87,"Animation, Adventure, Comedy","Stephen Hillenburg, Mark Osborne",English,"United States, Australia, South Korea",N/A,1 win & 10 nominations,10,1,7.2,68%,66,66,"104,998","$85,417,988",Yes,No,No,Yes
Garfield: The Movie,2004,movie,11 Jun 2004,80,"Adventure, Comedy, Family",Peter Hewitt,English,United States,N/A,1 win & 1 nomination,1,1,5.1,14%,27,27,"95,919","$75,369,589",Yes,No,No,No
Yu-Gi-Oh!: The Movie - Pyramid of Light,2004,movie,13 Aug 2004,90,"Animation, Action, Adventure",Hatsuki Tsuji,English,"Japan, United States",N/A,N/A,0,0,5.0,6%,15,15,"9,198","$19,887,556",Yes,No,No,Yes
Naruto the Movie: Ninja Clash in the Land of Snow,2004,movie,06 Jun 2007,82,"Animation, Action, Adventure",Tensai Okamura,Japanese,Japan,N/A,N/A,0,0,6.6,N/A,N,N/A,"8,341",N/A,Yes,No,No,No
Pokémon the Movie: Destiny Deoxys,2004,movie,22 Jan 2005,98,"Animation, Action, Adventure",Kunihiko Yuyama,"Japanese, English","Japan, United States",N/A,N/A,0,0,6.1,N/A,N,N/A,"4,577",N/A,Yes,Yes,No,Yes
The Cutting Edge: The Magic of Movie Editing,2004,movie,12 Oct 2004,98,"Documentary, History",Wendy Apple,English,"United States, Japan, United Kingdom",N/A,N/A,0,0,7.7,N/A,N,N/A,"3,235",N/A,Yes,No,No,Yes
Inuyasha the Movie 4: Fire on the Mystic Island,2004,movie,20 Jul 2006,89,"Animation, Action, Adventure",Toshiya Shinohara,Japanese,Japan,N/A,N/A,0,0,7.2,N/A,N,N/A,"2,038",N/A,Yes,No,No,No
Comic Book: The Movie,2004,movie,27 Jan 2004,106,Comedy,Mark Hamill,English,USA,N/A,3 wins & 2 nominations.,2,3,5.9,40%,N,N/A,"1,254",N/A,No,No,No,No
Clifford's Really Big Movie,2004,movie,23 Apr 2004,74,"Animation, Adventure, Comedy","Robert C. Ramirez, Steve Trenbirth",English,"United States, United Kingdom",N/A,N/A,0,0,5.4,55%,49,49,"1,092","$2,922,354",Yes,No,No,Yes
Fullmetal Alchemist the Movie: Conqueror of Shamballa,2005,movie,25 Aug 2006,105,"Animation, Action, Adventure",Seiji Mizushima,"Romany, Japanese, German",Japan,N/A,5 wins,0,5,7.3,N/A,N,N/A,"12,290",N/A,Yes,Yes,No,No
Pooh's Heffalump Movie,2005,movie,11 Feb 2005,68,"Animation, Adventure, Comedy",Frank Nissen,English,"United States, Japan, Germany, Canada, France",N/A,1 nomination,1,0,6.4,80%,64,64,"8,633","$18,098,433",Yes,No,No,Yes
Reefer Madness: The Movie Musical,2005,movie,16 Apr 2005,109,"Comedy, Drama, Horror",Andy Fickman,English,"United States, Germany, Canada",N/A,Won 1 Primetime Emmy. 4 wins & 10 nominations total,10,4,7.1,75%,N,N/A,"6,937",N/A,Yes,No,No,Yes
Naruto the Movie 2: Legend of the Stone of Gelel,2005,movie,06 Aug 2005,97,"Animation, Action, Adventure",Hirotsugu Kawasaki,Japanese,Japan,N/A,N/A,0,0,6.4,N/A,N,N/A,"5,342",N/A,Yes,No,No,No
Sad Movie,2005,movie,21 Oct 2005,108,"Comedy, Drama, Romance",Kwon Jong-kwan,"Korean, Korean Sign ",South Korea,N/A,N/A,0,0,7.2,N/A,N,N/A,"3,491",N/A,Yes,Yes,No,No
The Proud Family Movie,2005,movie,19 Aug 2005,90,"Animation, Adventure, Comedy",Bruce W. Smith,English,"United States, South Korea, Canada",N/A,3 nominations,3,0,5.3,N/A,N,N/A,"2,100",N/A,Yes,No,No,Yes
A Movie of Eggs,2005,movie,17 Nov 2006,90,"Animation, Comedy, Family","Gabriel Riva Palacio Alatriste, Rodolfo Riva Palacio Alatriste",Spanish,"Mexico, Argentina",N/A,1 win,0,1,6.5,N/A,N,N/A,"1,457",N/A,Yes,No,No,Yes
My Big Fat Independent Movie,2005,movie,30 Sep 2005,80,Comedy,Philip Zlotorynski,English,United States,N/A,2 wins,0,2,3.2,23%,32,32,"1,435","$4,655",No,No,No,No
The Naked Brothers Band: The Movie,2005,movie,28 May 2007,90,"Comedy, Family, Music",Polly Draper,English,United States,N/A,2 wins & 1 nomination,1,2,4.0,N/A,N,N/A,"1,256",N/A,Yes,No,No,No
Scary Movie 4,2006,movie,14 Apr 2006,83,Comedy,David Zucker,"English, Japanese",United States,N/A,1 win & 3 nominations,3,1,5.1,34%,40,40,"131,372","$90,710,620",No,Yes,No,No
Date Movie,2006,movie,17 Feb 2006,83,"Comedy, Romance","Aaron Seltzer, Jason Friedberg",English,"Switzerland, United States",N/A,4 wins & 1 nomination,1,4,2.8,7%,11,11,"62,631","$48,548,426",Yes,No,No,Yes
Trailer Park Boys: The Movie,2006,movie,06 Oct 2006,95,"Comedy, Crime",Mike Clattenburg,English,"Canada, United States",N/A,3 nominations,3,0,7.1,57%,38,38,"13,711","$3,860,678",Yes,No,No,Yes
Ultimate Avengers: The Movie,2006,movie,21 Feb 2006,72,"Animation, Action, Adventure, Sci-Fi","Curt Geda, Steven E. Gordon, Bob Richardson","Spanish, English",USA,N/A,1 win & 1 nomination.,1,1,6.7,N/A,N,N/A,"12,075",N/A,Yes,Yes,No,No
Another Gay Movie,2006,movie,03 May 2007,92,"Comedy, Romance",Todd Stephens,English,United States,N/A,2 wins & 1 nomination,1,2,5.0,50%,37,37,"9,553","$654,132",Yes,No,No,No
Naruto the Movie 3: Guardians of the Crescent Moon Kingdom,2006,movie,08 Nov 2008,95,"Animation, Action, Adventure",Toshiyuki Tsuru,Japanese,Japan,N/A,N/A,0,0,6.3,N/A,N,N/A,"4,923",N/A,Yes,No,No,No
Dirty Sanchez: The Movie,2006,movie,22 Sep 2006,94,"Documentary, Action, Comedy",Jim Hickey,English,United Kingdom,N/A,N/A,0,0,6.0,40%,N,N/A,"4,413",N/A,Yes,No,No,No
The Dudesons Movie,2006,movie,31 Mar 2006,75,"Documentary, Action, Comedy","Jarno Laasala, Tuukka Tiensuu","Finnish, English",Finland,N/A,1 win,0,1,6.0,N/A,N,N/A,"3,385",N/A,Yes,Yes,No,No
Doraemon the Movie: Nobita's Dinosaur,2006,movie,14 Nov 2008,107,"Animation, Adventure, Comedy","Ayumu Watanabe, Kôzô Kusuba",Japanese,Japan,N/A,N/A,0,0,7.1,N/A,N,N/A,"1,684",N/A,Yes,No,No,No
Mushi-Shi: The Movie,2006,movie,24 Mar 2007,131,"Drama, Fantasy",Katsuhiro Ôtomo,Japanese,Japan,N/A,2 wins & 2 nominations,2,2,6.0,N/A,N,N/A,"1,196",N/A,Yes,No,No,No
The Simpsons Movie,2007,movie,27 Jul 2007,87,"Animation, Adventure, Comedy",David Silverman,English,"United States, North Korea, South Korea",N/A,Won 1 BAFTA Award5 wins & 34 nominations total,34,5,7.3,87%,80,80,"353,777","$183,135,014",Yes,No,No,Yes
Bee Movie,2007,movie,02 Nov 2007,91,"Animation, Adventure, Comedy","Simon J. Smith, Steve Hickner",English,"United States, Canada",N/A,1 win & 15 nominations,15,1,6.1,50%,54,54,"183,866","$126,631,277",Yes,No,No,Yes
Epic Movie,2007,movie,26 Jan 2007,86,"Adventure, Comedy, Fantasy","Jason Friedberg, Aaron Seltzer",English,United States,N/A,2 wins & 3 nominations,3,2,2.4,2%,17,17,"110,309","$39,739,367",Yes,No,No,No
Aqua Teen Hunger Force Colon Movie Film for Theaters,2007,movie,13 Apr 2007,86,"Animation, Action, Adventure","Matt Maiellaro, Dave Willis",English,"United States, Canada",N/A,N/A,0,0,6.7,49%,54,54,"14,579","$5,520,368",Yes,No,No,Yes
Naruto Shippûden: The Movie,2007,movie,10 Nov 2009,94,"Animation, Action, Adventure",Hajime Kamegaki,Japanese,Japan,N/A,N/A,0,0,6.7,N/A,N,N/A,"5,002",N/A,Yes,No,No,No
Kill Buljo: The Movie,2007,movie,12 May 2009,93,"Action, Adventure, Comedy",Tommy Wirkola,Norwegian,Norway,Warner Home Video,1 win,0,1,5.7,N/A,N,N/A,"4,231",N/A,Yes,No,No,No
Bleach the Movie 2: The DiamondDust Rebellion,2007,movie,22 Dec 2007,92,"Animation, Action, Mystery",Noriyuki Abe,Japanese,Japan,N/A,N/A,0,0,7.0,N/A,N,N/A,"3,588",N/A,Yes,No,No,No
"Basic Sanitation, the Movie",2007,movie,20 Jul 2007,112,Comedy,Jorge Furtado,Portuguese,Brazil,N/A,3 wins & 14 nominations,14,3,7.4,N/A,N,N/A,"2,725",N/A,No,No,No,No
Super Sweet 16: The Movie,2007,movie,08 Jul 2007,86,Comedy,Neema Barnette,English,United States,N/A,N/A,0,0,3.4,N/A,N,N/A,"1,436",N/A,No,No,No,No
Doraemon the Movie: Nobita's New Great Adventure into the Underworld,2007,movie,10 Mar 2007,112,"Animation, Adventure, Comedy","Yukiyo Teramoto, Kôzô Kusuba",Japanese,Japan,N/A,N/A,0,0,7.1,N/A,N,N/A,"1,238",N/A,Yes,No,No,No
Disaster Movie,2008,movie,29 Aug 2008,87,"Comedy, Sci-Fi","Jason Friedberg, Aaron Seltzer",English,United States,N/A,1 win & 6 nominations,6,1,1.9,1%,15,15,"95,221","$14,190,901",Yes,No,No,No
Superhero Movie,2008,movie,28 Mar 2008,75,"Action, Comedy, Sci-Fi",Craig Mazin,English,United States,N/A,1 win,0,1,4.7,16%,33,33,"77,212","$25,881,068",Yes,No,No,No
The Onion Movie,2008,movie,07 Jan 2008,86,Comedy,"Tom Kuntz, Mike Maguire","English, Russian, Spanish",United States,N/A,N/A,0,0,6.2,N/A,N,N/A,"16,679",N/A,No,Yes,No,No
Extreme Movie,2008,movie,29 Jul 2009,86,Comedy,"Adam Jay Epstein, Andrew Jacobson",English,United States,N/A,N/A,0,0,3.7,N/A,N,N/A,"11,667",N/A,No,No,No,No
Naruto Shippuden: The Movie - Bonds,2008,movie,25 Oct 2011,98,"Animation, Action, Fantasy",Hajime Kamegaki,Japanese,Japan,N/A,N/A,0,0,6.8,N/A,N,N/A,"5,456",N/A,Yes,No,No,No
Home Movie,2008,movie,08 Dec 2009,77,"Drama, Horror, Thriller",Christopher Denham,English,United States,N/A,1 win & 1 nomination,1,1,5.5,N/A,N,N/A,"4,960",N/A,Yes,No,No,No
Midnight Movie,2008,movie,06 Jan 2009,82,"Fantasy, Horror, Thriller",Jack Messitt,English,United States,N/A,2 wins,0,2,5.1,N/A,N,N/A,"4,392",N/A,Yes,No,No,No
Killer Movie,2008,movie,24 Apr 2008,93,"Comedy, Horror, Mystery",Jeff Fisher,English,United States,N/A,N/A,0,0,4.4,N/A,N,N/A,"3,163",N/A,Yes,No,No,No
The Best Movie,2008,movie,24 Jan 2008,110,Comedy,Kirill Kuzin,"Russian, French, German",Russia,N/A,1 win & 6 nominations,6,1,3.0,N/A,N,N/A,"2,896",N/A,No,Yes,No,No
Gurren Lagann the Movie: Childhood's End,2008,movie,06 Sep 2008,112,"Animation, Action, Comedy","Hiroyuki Imaishi, Shin Itagaki, Tarô Iwasaki",Japanese,Japan,N/A,N/A,0,0,7.6,N/A,N,N/A,"1,948",N/A,Yes,No,No,No
Hannah Montana: The Movie,2009,movie,10 Apr 2009,102,"Comedy, Drama, Family",Peter Chelsom,English,United States,N/A,6 wins & 11 nominations,11,6,4.7,43%,47,47,"46,442","$79,576,189",Yes,No,No,No
Wizards of Waverly Place: The Movie,2009,movie,28 Aug 2009,94,"Action, Adventure, Comedy",Lev L. Spiro,"English, Russian",United States,N/A,Won 1 Primetime Emmy. 3 wins & 4 nominations total,4,3,6.2,N/A,N,N/A,"21,436",N/A,Yes,Yes,No,No
Best Worst Movie,2009,movie,14 Mar 2009,93,"Documentary, Comedy",Michael Paul Stephenson,"English, Italian",United States,N/A,3 wins & 1 nomination,1,3,7.2,94%,61,61,"8,615","$109,895",Yes,Yes,No,No
Naruto Shippûden: The Movie 3: Inheritors of the Will of Fire,2009,movie,23 Oct 2012,95,"Animation, Action, Fantasy",Masahiko Murata,Japanese,Japan,N/A,1 win & 6 nominations,6,1,7.0,N/A,N,N/A,"4,546",N/A,Yes,No,No,No
Spanish Movie,2009,movie,04 Dec 2009,83,Comedy,Javier Ruiz Caldera,Spanish,Spain,N/A,2 nominations,2,0,4.3,N/A,N,N/A,"3,291",N/A,No,No,No,No
"Road, Movie",2009,movie,05 May 2010,95,"Adventure, Comedy, Crime",Dev Benegal,"Hindi, English, Rajasthani","India, United States",N/A,4 nominations,4,0,6.8,67%,N,N/A,"1,739",N/A,Yes,Yes,No,Yes
Gurren Lagann the Movie: The Lights in the Sky are Stars,2009,movie,25 Apr 2009,126,"Animation, Action, Drama","Hiroyuki Imaishi, Yasuhiro Geshi, Hiroshi Ikehata",Japanese,Japan,N/A,N/A,0,0,8.0,N/A,N,N/A,"1,362",N/A,Yes,No,No,No
Nodame Cantabile: The Movie I,2009,movie,19 Dec 2009,122,"Comedy, Drama, Music",Hideki Takeuchi,Japanese,Japan,N/A,N/A,0,0,7.1,N/A,N,N/A,"1,163",N/A,Yes,No,No,No
Totally Spies! The Movie,2009,movie,25 Apr 2010,75,"Animation, Action, Adventure",Pascal Jardin,French,"France, South Korea, Italy",N/A,N/A,0,0,6.4,N/A,N,N/A,905,N/A,Yes,No,No,Yes
Another Egg and Chicken Movie,2009,movie,20 Mar 2009,90,"Animation, Action, Adventure","Gabriel Riva Palacio Alatriste, Rodolfo Riva Palacio Alatriste",Spanish,Mexico,N/A,N/A,0,0,6.1,N/A,N,N/A,668,N/A,Yes,No,No,No
Fred: The Movie,2010,movie,18 Sep 2010,81,"Adventure, Comedy, Family",Clay Weiner,English,United States,N/A,1 nomination,1,0,2.1,0%,N,N/A,"9,122",N/A,Yes,No,No,No
"Ultramarines: A Warhammer 40,000 Movie",2010,movie,13 Dec 2010,76,"Animation, Action, Fantasy",Martyn Pick,English,United Kingdom,N/A,N/A,0,0,5.6,N/A,N,N/A,"6,355",N/A,Yes,No,No,No
The Drawn Together Movie!,2010,movie,18 Mar 2010,70,"Animation, Comedy, Mystery",Greg Franklin,English,United States,N/A,N/A,0,0,6.1,N/A,N,N/A,"4,673",N/A,Yes,No,No,No
Bleach the Movie: Hell Verse,2010,movie,04 Dec 2012,94,"Animation, Action, Adventure","Noriyuki Abe, Yuzuru Tachikawa",Japanese,Japan,N/A,4 nominations,4,0,7.3,N/A,N,N/A,"3,269",N/A,Yes,No,No,No
Khichdi: The Movie,2010,movie,01 Oct 2010,120,"Comedy, Family",Aatish Kapadia,Hindi,India,N/A,3 nominations,3,0,7.3,N/A,N,N/A,"3,093",N/A,Yes,No,No,No
Gintama: The Movie,2010,movie,24 Apr 2010,96,"Animation, Action, Comedy",Shinji Takamatsu,Japanese,Japan,N/A,1 win & 4 nominations,4,1,7.6,N/A,N,N/A,"2,333",N/A,Yes,No,No,No
The Parking Lot Movie,2010,movie,06 Aug 2010,74,Documentary,Meghan Eckman,English,United States,N/A,1 nomination,1,0,7.0,78%,63,63,"2,048",N/A,No,No,No,No
Oki's Movie,2010,movie,18 Apr 2012,80,"Comedy, Drama",Hong Sang-soo,Korean,South Korea,N/A,5 wins & 3 nominations,3,5,6.8,85%,78,78,"1,362",N/A,Yes,No,No,No
Iris: The Movie,2010,movie,22 Nov 2010,125,"Action, Adventure, Drama","Kyoo-tae Kim, Yun-ho Yang",Korean,South Korea,N/A,N/A,0,0,5.9,N/A,N,N/A,"1,182",N/A,Yes,No,No,No
The Greatest Movie Ever Sold,2011,movie,24 Aug 2011,90,"Documentary, Comedy",Morgan Spurlock,English,United States,N/A,2 wins & 5 nominations,5,2,6.6,72%,66,66,"15,269","$638,476",Yes,No,No,No
Phineas and Ferb the Movie: Across the 2nd Dimension,2011,movie,05 Aug 2011,78,"Animation, Action, Adventure","Robert Hughes, Dan Povenmire, Jay Lender","Mandarin, Chinese, Min Nan, English","United States, Taiwan, China",N/A,Nominated for 1 Primetime Emmy. 3 wins & 4 nominations total,4,3,7.4,100%,N,N/A,"14,001",N/A,Yes,Yes,No,Yes
Glee: The 3D Concert Movie,2011,movie,12 Aug 2011,84,"Documentary, Comedy, Music","Kevin Tancharoen, Jennifer Arnold",English,United States,N/A,N/A,0,0,5.6,60%,48,48,"6,067","$11,862,398",Yes,No,No,No
Naruto Shippuden the Movie: Blood Prison,2011,movie,18 Feb 2014,108,"Animation, Action, Fantasy",Masahiko Murata,Japanese,Japan,N/A,1 nomination,1,0,7.1,N/A,N,N/A,"6,029",N/A,Yes,No,No,No
The Suite Life Movie,2011,movie,25 Mar 2011,79,"Adventure, Comedy, Crime",Sean McNamara,English,United States,N/A,N/A,0,0,5.1,N/A,N,N/A,"4,761",N/A,Yes,No,No,No
"A Fairly Odd Movie: Grow Up, Timmy Turner!",2011,movie,09 Jul 2011,48,"Comedy, Family, Fantasy",Savage Steve Holland,English,"United States, Canada, South Korea",N/A,1 nomination,1,0,3.8,N/A,N,N/A,"3,838",N/A,Yes,No,No,Yes
Dirty Movie,2011,movie,15 Feb 2011,91,Comedy,"Jerry Daigle, Christopher Meloni",English,United States,N/A,N/A,0,0,3.1,N/A,N,N/A,"3,581",N/A,No,No,No,No
Horrid Henry: The Movie,2011,movie,11 Jan 2013,93,"Adventure, Comedy, Family",Nick Moore,English,United Kingdom,N/A,1 win & 1 nomination,1,1,3.6,9%,N,N/A,"3,162",N/A,Yes,No,No,No
K-On! The Movie,2011,movie,03 Dec 2011,110,"Animation, Adventure, Comedy",Naoko Yamada,"Japanese, English",Japan,Section 23,1 nomination,1,0,7.7,N/A,N,N/A,"2,378",N/A,Yes,Yes,No,No
Pokémon the Movie: White - Victini and Zekrom,2011,movie,03 Dec 2011,97,"Animation, Action, Adventure",Kunihiko Yuyama,Japanese,Japan,N/A,N/A,0,0,5.7,N/A,N,N/A,"1,992",N/A,Yes,No,No,No
Indie Game: The Movie,2012,movie,15 Sep 2012,103,"Documentary, Drama","Lisanne Pajot, James Swirsky","English, French",Canada,N/A,3 wins & 6 nominations,6,3,7.6,94%,73,73,"21,504",N/A,Yes,Yes,No,No
Tim and Eric's Billion Dollar Movie,2012,movie,27 Jan 2012,93,Comedy,"Tim Heidecker, Eric Wareheim",English,United States,N/A,1 nomination,1,0,5.3,38%,40,40,"10,719","$201,436",No,No,No,No
Road to Ninja - Naruto the Movie,2012,movie,29 Aug 2014,109,"Animation, Action, Adventure",Hayato Date,"English, Italian, French, German, Spanish, Portuguese, Hebrew, Hungarian, Japanese",Japan,N/A,2 wins & 1 nomination,1,2,7.6,N/A,N,N/A,"8,529","$43,171",Yes,Yes,No,No
Nitro Circus: The Movie,2012,movie,08 Aug 2012,92,"Documentary, Action, Comedy","Gregg Godfrey, Jeremy Rawle",English,United States,N/A,N/A,0,0,6.6,6%,43,43,"6,395","$3,377,618",Yes,No,No,No
Blue Exorcist: The Movie,2012,movie,28 Dec 2012,88,"Animation, Action, Adventure",Atsushi Takahashi,Japanese,Japan,N/A,2 nominations,2,0,7.1,N/A,N,N/A,"2,582","$21,796",Yes,No,No,No
Big Time Movie,2012,movie,10 Mar 2012,68,"Comedy, Family, Music",Savage Steve Holland,English,"United States, Canada",N/A,3 wins & 11 nominations,11,3,6.1,N/A,N,N/A,"2,313",N/A,Yes,No,No,Yes
Pokémon the Movie: Kyurem vs. the Sword of Justice,2012,movie,08 Dec 2012,72,"Animation, Action, Adventure",Kunihiko Yuyama,Japanese,Japan,N/A,N/A,0,0,5.5,N/A,N,N/A,"1,846",N/A,Yes,No,No,No
Puella Magi Madoka Magica the Movie Part 1: Beginnings,2012,movie,06 Oct 2012,130,"Animation, Drama, Fantasy","Fujiaki Asari, Mamoru Hatakeyama, Takashi Kawabata",Japanese,Japan,N/A,N/A,0,0,7.6,N/A,N,N/A,"1,773","$180,440",Yes,No,No,No
Puella Magi Madoka Magica the Movie Part 2: Eternal,2012,movie,13 Oct 2012,109,"Animation, Fantasy, Mystery","Tomoyuki Itamura, Yukihiro Miyamoto, Masahiro Mukai",Japanese,Japan,Aniplex,N/A,0,0,7.9,N/A,N,N/A,"1,741","$62,340",Yes,No,No,No
High Rise Life - The Movie,2012,movie,16 Mar 2012,84,Comedy,Mikael Syrén,"Swedish, Norwegian, English",Sweden,N/A,N/A,0,0,5.3,N/A,N,N/A,"1,246",N/A,No,Yes,No,No
Movie 43,2013,movie,25 Jan 2013,94,Comedy,"Elizabeth Banks, Steven Brill, Steve Carr",English,United States,N/A,4 wins & 5 nominations,5,4,4.4,5%,18,18,"114,390","$8,840,453",No,No,No,No
Scary Movie V,2013,movie,12 Apr 2013,86,"Comedy, Horror","Malcolm D. Lee, David Zucker","English, Spanish, Latin",United States,N/A,5 nominations,5,0,3.5,4%,11,11,"78,741","$32,015,787",Yes,Yes,No,No
Teen Beach Movie,2013,movie,19 Jul 2013,110,"Comedy, Family, Fantasy",Jeffrey Hornaday,English,United States,N/A,2 nominations,2,0,6.0,88%,N,N/A,"14,728",N/A,Yes,No,No,No
Steins;Gate: The Movie - Load Region of Déjà Vu,2013,movie,20 Apr 2013,90,"Animation, Mystery, Sci-Fi","Kanji Wakabayashi, Hiroshi Hamasaki, Takuya Satô",Japanese,Japan,N/A,1 nomination,1,0,7.8,N/A,N,N/A,"9,909",N/A,Yes,No,No,No
Lego Batman: The Movie - DC Super Heroes Unite,2013,movie,21 May 2013,71,"Animation, Action, Adventure, Family, Sci-Fi",Jon Burton,English,"USA, UK, Denmark",N/A,N/A,0,0,6.5,N/A,N,N/A,"4,864",N/A,Yes,No,No,Yes
Puella Magi Madoka Magica the Movie Part III: The Rebellion Story,2013,movie,26 Oct 2013,116,"Animation, Drama, Fantasy","Takashi Kawabata, Yukihiro Miyamoto, Akiyuki Shinbô",Japanese,Japan,N/A,2 wins & 5 nominations,5,2,7.8,N/A,N,N/A,"4,303","$375,627",Yes,No,No,No
Gintama the Movie: The Final Chapter - Be Forever Yorozuya,2013,movie,06 Jul 2013,110,"Animation, Action, Comedy",Yôichi Fujita,Japanese,Japan,N/A,N/A,0,0,8.3,N/A,N,N/A,"3,177",N/A,Yes,No,No,No
Anohana the Movie: The Flower We Saw That Day (Ano hi mita hana no namae wo bokutachi wa mada shiran,2013,movie,31 Aug 2013,99,"Animation, Adventure, Drama",Tatsuyuki Nagai,Japanese,Japan,N/A,N/A,0,0,7.3,N/A,N,N/A,"2,851","$109,630",Yes,No,No,No
The Harry Hill Movie,2013,movie,20 Dec 2013,88,"Adventure, Comedy, Family",Steve Bendelack,English,United Kingdom,N/A,N/A,0,0,3.9,33%,N,N/A,"2,414",N/A,Yes,No,No,No
Jay and Silent Bob's Super Groovy Cartoon Movie,2013,movie,20 Apr 2013,64,"Animation, Comedy",Steve Stark,English,United States,N/A,N/A,0,0,4.8,N/A,N,N/A,"2,301",N/A,Yes,No,No,No
The Lego Movie,2014,movie,07 Feb 2014,100,"Animation, Action, Adventure","Phil Lord, Christopher Miller","English, Turkish","United States, Denmark, Australia, Norway",N/A,Nominated for 1 Oscar. 72 wins & 67 nominations total,67,72,7.7,96%,83,83,"395,188","$257,966,122",Yes,Yes,No,Yes
The Last: Naruto the Movie,2014,movie,06 Oct 2015,112,"Animation, Action, Adventure",Tsuneo Kobayashi,Japanese,Japan,N/A,3 nominations,3,0,7.6,N/A,N,N/A,"18,288","$524,451",Yes,No,No,No
Stromberg - The Movie,2014,movie,20 Feb 2014,123,Comedy,Arne Feldhusen,German,Germany,NFP Marketing &amp; Distribution,1 win,0,1,7.3,N/A,N,N/A,"8,420",N/A,No,No,No,No
Angry Video Game Nerd: The Movie,2014,movie,21 Jul 2014,115,"Adventure, Comedy, Sci-Fi","Kevin Finn, James Rolfe",English,United States,N/A,N/A,0,0,5.4,N/A,N,N/A,"7,667",N/A,Yes,No,No,No
Hello Ladies: The Movie,2014,movie,22 Nov 2014,85,Comedy,Stephen Merchant,English,United States,N/A,Nominated for 2 Primetime Emmys. 2 nominations total,2,0,6.7,71%,N,N/A,"6,982",N/A,No,No,No,No
Video Games: The Movie,2014,movie,18 Jul 2014,101,"Documentary, History",Jeremy Snead,English,United States,N/A,1 win,0,1,6.1,18%,40,40,"5,610","$23,043",Yes,No,No,No
The Fluffy Movie: Unity Through Laughter,2014,movie,01 Sep 2015,101,"Documentary, Comedy","Manny Rodriguez, Jay Lavender",English,United States,N/A,N/A,0,0,7.2,53%,56,56,"4,267","$2,827,393",Yes,No,No,No
Corner Gas: The Movie,2014,movie,03 Dec 2014,90,Comedy,David Storey,English,Canada,N/A,1 nomination,1,0,6.9,N/A,N,N/A,"2,653",N/A,No,No,No,No
Maya the Bee Movie,2014,movie,08 Mar 2015,89,"Animation, Adventure, Comedy",Alexs Stadermann,English,"Australia, Germany, Belgium, Netherlands",N/A,1 win & 4 nominations,4,1,5.9,47%,49,49,"2,328",N/A,Yes,No,No,Yes
Postman Pat: The Movie,2014,movie,02 Jul 2014,88,"Animation, Comedy, Family",Mike Disa,English,"United Kingdom, United States",N/A,1 nomination,1,0,4.7,43%,44,44,"1,984","$1,519",Yes,No,No,Yes
The SpongeBob Movie: Sponge Out of Water,2015,movie,06 Feb 2015,92,"Animation, Adventure, Comedy","Paul Tibbitt, Mike Mitchell",English,"United States, South Korea, Australia",N/A,1 win & 9 nominations,9,1,6.0,81%,62,62,"62,717","$162,994,032",Yes,No,No,Yes
The Peanuts Movie,2015,movie,06 Nov 2015,88,"Animation, Adventure, Comedy",Steve Martino,English,United States,N/A,2 wins & 49 nominations,49,2,7.0,87%,67,67,"50,470","$130,178,411",Yes,No,No,No
Shaun the Sheep Movie,2015,movie,05 Aug 2015,85,"Animation, Adventure, Comedy","Mark Burton, Richard Starzak","None, English","United Kingdom, France",N/A,Nominated for 1 Oscar. 4 wins & 49 nominations total,49,4,7.3,99%,81,81,"44,172","$19,375,982",Yes,Yes,No,Yes
My Scientology Movie,2015,movie,10 Mar 2017,99,Documentary,John Dower,English,United Kingdom,N/A,4 nominations,4,0,6.6,89%,62,62,"13,639","$22,936",No,No,No,No
Boruto: Naruto the Movie,2015,movie,28 Mar 2017,95,"Animation, Action, Adventure","Hiroyuki Yamashita, Toshiyuki Tsuru",Japanese,Japan,N/A,3 nominations,3,0,7.7,N/A,N,N/A,"12,494","$919,651",Yes,No,No,No
The Bad Education Movie,2015,movie,21 Aug 2015,90,Comedy,Elliot Hegarty,English,United Kingdom,N/A,N/A,0,0,5.8,63%,N,N/A,"7,640",N/A,No,No,No,No
Smosh: The Movie,2015,movie,24 Jul 2015,84,"Adventure, Comedy, Fantasy",Alex Winter,English,United States,N/A,N/A,0,0,3.3,N/A,N,N/A,"6,946",N/A,Yes,No,No,No
Regular Show: The Movie,2015,movie,14 Aug 2015,70,"Animation, Action, Adventure",J.G. Quintel,English,"Canada, United States",N/A,3 wins & 2 nominations,2,3,7.4,N/A,N,N/A,"6,440",N/A,Yes,No,No,Yes
Psycho-Pass: The Movie,2015,movie,29 Feb 2016,113,"Animation, Action, Crime","Naoyoshi Shiotani, Katsuyuki Motohiro","Japanese, English",Japan,N/A,1 win & 6 nominations,6,1,7.1,N/A,N,N/A,"4,637","$138,366",Yes,Yes,No,No
Ghost in the Shell: The New Movie,2015,movie,10 Nov 2015,100,"Animation, Action, Sci-Fi","Motonobu Hori, Shinji Itadaki, Kazuchika Kise","Japanese, English","Japan, United States",N/A,3 nominations,3,0,6.6,N/A,N,N/A,"4,172","$101,203",Yes,Yes,No,Yes
The Angry Birds Movie,2016,movie,20 May 2016,97,"Animation, Action, Adventure","Clay Kaytis, Fergal Reilly",English,"Finland, United States, United Kingdom, Australia, Canada, Slovakia",N/A,3 wins & 8 nominations,8,3,6.3,44%,43,43,"107,214","$107,509,366",Yes,No,No,Yes
A Silent Voice: The Movie,2016,movie,17 Sep 2016,130,"Animation, Drama","Taichi Ishidate, Naoko Yamada","Japanese, Japanese Sign , English",Japan,N/A,6 wins & 9 nominations,9,6,8.1,N/A,78,78,"106,895","$764,723",Yes,Yes,No,No
Absolutely Fabulous: The Movie,2016,movie,22 Jul 2016,91,"Comedy, Crime",Mandie Fletcher,"English, French","United Kingdom, United States",N/A,1 win & 9 nominations,9,1,5.4,57%,59,59,"13,342","$4,772,155",Yes,Yes,No,Yes
Uno: The Movie,2016,movie,30 Nov 2016,164,Comedy,N/A,English,USA,Rooster Teeth Productions,N/A,0,0,9.5,N/A,N,N/A,"10,106",N/A,No,No,No,No
Donald Trump's The Art of the Deal: The Movie,2016,movie,10 Feb 2016,50,Comedy,Jeremy Konner,English,United States,N/A,1 nomination,1,0,5.9,N/A,75,75,"5,038",N/A,No,No,No,No
BoBoiBoy: The Movie,2016,movie,03 Mar 2016,100,"Animation, Action, Adventure",Nizam Razak,Malay,Malaysia,N/A,1 win & 1 nomination,1,1,6.6,N/A,N,N/A,"2,820",N/A,Yes,No,No,No
Pokémon the Movie: Volcanion and the Mechanical Marvel,2016,movie,05 Dec 2016,90,"Animation, Action, Adventure",Kunihiko Yuyama,Japanese,Japan,N/A,1 nomination,1,0,5.9,N/A,N,N/A,"1,662",N/A,Yes,No,No,No
Horror Hotel: The Movie,2016,movie,05 Jul 2016,103,"Comedy, Horror, Sci-Fi",Ricky Hess,English,United States,N/A,N/A,0,0,4.3,N/A,N,N/A,"1,333",N/A,Yes,No,No,No
Doraemon the Movie: Nobita and the Birth of Japan,2016,movie,05 Mar 2016,104,"Animation, Adventure, Comedy",Shinnosuke Yakuwa,Japanese,Japan,N/A,N/A,0,0,6.7,N/A,N,N/A,"1,081",N/A,Yes,No,No,No
That Vitamin Movie,2016,movie,01 Jan 2016,86,Documentary,"Michael Beattie, Sai Kelly",English,United Kingdom,N/A,N/A,0,0,7.8,N/A,N,N/A,961,N/A,No,No,No,No
The Lego Batman Movie,2017,movie,10 Feb 2017,104,"Animation, Action, Adventure",Chris McKay,English,"United States, Denmark, Australia",N/A,13 wins & 68 nominations,68,13,7.3,90%,75,75,"177,404","$175,936,671",Yes,No,No,Yes
The Emoji Movie,2017,movie,28 Jul 2017,86,"Animation, Adventure, Comedy",Tony Leondis,"English, Spanish",United States,N/A,6 wins & 4 nominations,4,6,3.4,6%,12,12,"73,313","$86,089,513",Yes,Yes,No,No
Captain Underpants: The First Epic Movie,2017,movie,02 Jun 2017,89,"Animation, Action, Adventure",David Soren,"English, German","United States, Canada, France",N/A,3 wins & 15 nominations,15,3,6.2,87%,69,69,"33,373","$73,921,000",Yes,Yes,No,Yes
The Lego Ninjago Movie,2017,movie,22 Sep 2017,101,"Animation, Action, Adventure","Charlie Bean, Paul Fisher, Bob Logan",English,"United States, Denmark, Australia, Canada",N/A,7 nominations,7,0,6.0,56%,55,55,"30,932","$59,364,177",Yes,No,No,Yes
Psych: The Movie,2017,movie,07 Dec 2017,88,"Comedy, Crime, Mystery",Steve Franks,English,United States,N/A,2 nominations,2,0,7.3,100%,N,N/A,"13,060",N/A,Yes,No,No,No
Sword Art Online the Movie: Ordinal Scale,2017,movie,18 Feb 2017,119,"Animation, Action, Adventure",Tomohiko Itô,Japanese,Japan,N/A,3 nominations,3,0,7.3,N/A,N,N/A,"9,197","$1,522,976",Yes,No,No,No
My Little Pony: The Movie,2017,movie,06 Oct 2017,99,"Animation, Adventure, Comedy",Jayson Thiessen,English,"United States, Canada, Bulgaria, Ireland, Philippines, China, Austria, Brazil, Belgium",N/A,5 wins & 6 nominations,6,5,6.1,48%,39,39,"8,201","$21,885,107",Yes,No,No,Yes
Pokémon the Movie: I Choose You!,2017,movie,05 Nov 2017,98,"Animation, Action, Adventure",Kunihiko Yuyama,"Japanese, English","Japan, United States",N/A,1 nomination,1,0,6.3,33%,N,N/A,"7,655","$2,401,722",Yes,Yes,No,Yes
OHA Diyorum: The Movie,2017,movie,03 Nov 2017,90,Comedy,Ersan Özer,Turkish,Turkey,N/A,N/A,0,0,1.6,N/A,N,N/A,"6,899",N/A,No,No,No,No
Handsome: A Netflix Mystery Movie,2017,movie,05 May 2017,80,"Comedy, Mystery",Jeff Garlin,English,United States,N/A,N/A,0,0,5.2,N/A,N,N/A,"5,232",N/A,Yes,No,No,No
Constantine: City of Demons - The Movie,2018,movie,04 Oct 2018,90,"Animation, Action, Fantasy",Doug Murphy,English,United States,N/A,N/A,0,0,7.3,N/A,N,N/A,"9,698",N/A,Yes,No,No,No
Little Horror Movie,2018,movie,28 Jun 2019,84,"Horror, Mystery",Jérôme Cohen-Olivar,English,United States,N/A,5 wins & 2 nominations,2,5,4.0,N/A,N,N/A,"7,418","$478,000",Yes,No,No,No
Burn the Stage: The Movie,2018,movie,19 Jan 2019,84,"Documentary, Music",Jun-Soo Park,Korean,South Korea,N/A,N/A,0,0,8.5,N/A,N,N/A,"4,214","$4,201,819",Yes,No,No,No
Pokémon the Movie: The Power of Us,2018,movie,24 Nov 2018,100,"Animation, Action, Adventure",Tetsuo Yajima,Japanese,Japan,N/A,1 nomination,1,0,6.2,71%,N,N/A,"3,064","$789,170",Yes,No,No,No
The Dunkirk Spirit: Behind the Making of the Movie,2018,movie,12 Feb 2018,28,"Documentary, Short",N/A,English,United Kingdom,N/A,N/A,0,0,7.7,N/A,N,N/A,"2,961",N/A,Yes,No,No,No
Code Blue: The Movie,2018,movie,27 Jul 2018,127,Drama,N/A,Japanese,Japan,N/A,N/A,0,0,6.1,N/A,N,N/A,"1,469",N/A,No,No,No,No
"Love, Chunibyo & Other Delusions the Movie: Take on Me",2018,movie,06 Jan 2018,94,"Animation, Comedy, Drama","Tatsuya Ishihara, Yasuhiro Takemoto",Japanese,Japan,N/A,N/A,0,0,7.3,N/A,N,N/A,"1,344",N/A,Yes,No,No,No
Natsume's Book of Friends the Movie: Ephemeral Bond,2018,movie,29 Sep 2018,104,"Animation, Drama, Fantasy","Hideki Itô, Takahiro Ômori",Japanese,Japan,N/A,1 nomination,1,0,7.1,N/A,N,N/A,665,N/A,Yes,No,No,No
Si Doel: The Movie,2018,movie,02 Aug 2018,85,"Drama, Romance",Rano Karno,Indonesian,Indonesia,N/A,1 win & 6 nominations,6,1,6.8,N/A,N,N/A,434,N/A,Yes,No,No,No
Non Non Biyori: The Movie - Vacation,2018,movie,25 Aug 2018,71,"Animation, Adventure, Comedy",Shin'ya Kawatsura,Japanese,Japan,N/A,1 nomination,1,0,7.6,N/A,N,N/A,424,N/A,Yes,No,No,No
The Lego Movie 2: The Second Part,2019,movie,08 Feb 2019,107,"Animation, Action, Adventure",Mike Mitchell,English,"Denmark, Norway, Australia, United States",N/A,1 win & 16 nominations,16,1,6.5,84%,65,65,"78,953","$105,956,290",Yes,No,No,Yes
Between Two Ferns: The Movie,2019,movie,20 Sep 2019,82,Comedy,Scott Aukerman,English,United States,N/A,Nominated for 1 Primetime Emmy. 1 win & 2 nominations total,2,1,6.1,73%,59,59,"37,364",N/A,No,No,No,No
The Angry Birds Movie 2,2019,movie,14 Aug 2019,97,"Animation, Action, Adventure","Thurop Van Orman, John Rice",English,"Finland, United States, Australia, Canada, United Kingdom",N/A,1 win & 3 nominations,3,1,6.4,72%,60,60,"36,928","$41,667,116",Yes,No,No,Yes
Deadwood: The Movie,2019,movie,31 May 2019,110,"Drama, Western",Daniel Minahan,"English, Chinese",United States,N/A,Nominated for 8 Primetime Emmys. 3 wins & 36 nominations total,36,3,7.3,98%,N,N/A,"26,861",N/A,Yes,Yes,No,No
A Shaun the Sheep Movie: Farmageddon,2019,movie,14 Feb 2020,86,"Animation, Adventure, Comedy","Will Becher, Richard Phelan",English,"United Kingdom, France",N/A,Nominated for 1 Oscar. 2 wins & 22 nominations total,22,2,6.8,96%,79,79,"15,952",N/A,Yes,No,No,Yes
Threat Level Midnight: The Movie,2019,movie,06 Sep 2011,25,"Action, Comedy",Tucker Gates,English,"United Kingdom, United States",N/A,N/A,0,0,9.6,N/A,N,N/A,"10,193",N/A,Yes,No,No,Yes
Steven Universe: The Movie,2019,movie,02 Sep 2019,82,"Animation, Action, Adventure","Rebecca Sugar, Joseph D. Johnston, Kat Morris",English,United States,N/A,2 nominations,2,0,7.7,100%,N,N/A,"9,633",N/A,Yes,No,No,No
The Banana Splits Movie,2019,movie,13 Aug 2019,89,"Comedy, Horror, Thriller",Danishka Esterhazy,English,United States,N/A,N/A,0,0,5.1,60%,N,N/A,"4,855",N/A,Yes,No,No,No
Playmobil: The Movie,2019,movie,06 Dec 2019,99,"Animation, Adventure, Comedy",Lino DiSalvo,"English, German","France, United Kingdom, Germany, China, United States, Canada",N/A,N/A,0,0,4.9,17%,25,25,"4,818","$1,115,008",Yes,Yes,No,Yes
Horrible Histories: The Movie - Rotten Romans,2019,movie,26 Jul 2019,88,"Comedy, Family, History",Dominic Brigstocke,English,"United Kingdom, Switzerland, United States","Altitude Films, Citrus Films, Stavingoh Films",Nominated for 1 BAFTA Award2 nominations total,2,0,5.4,69%,N,N/A,"3,332",N/A,Yes,No,Yes,Yes
Demon Slayer: Kimetsu no Yaiba - The Movie: Mugen Train,2020,movie,23 Apr 2021,117,"Animation, Action, Adventure",Haruo Sotozaki,Japanese,Japan,N/A,6 wins & 6 nominations,6,6,8.2,N/A,72,72,"78,287","$49,505,008",Yes,No,No,No
The SpongeBob Movie: Sponge on the Run,2020,movie,04 Mar 2021,91,"Animation, Adventure, Comedy",Tim Hill,"English, Arabic, Ukrainian, Irish Gaelic","United States, Canada",N/A,4 nominations,4,0,5.9,66%,65,65,"22,632","$4,810,790",Yes,Yes,No,Yes
Violet Evergarden: The Movie,2020,movie,30 Mar 2021,140,"Animation, Drama, Fantasy",Taichi Ishidate,Japanese,"Japan, South Korea, Czech Republic, Germany",N/A,1 win & 3 nominations,3,1,8.3,100%,N,N/A,"11,027",N/A,Yes,No,No,Yes
Impractical Jokers: The Movie,2020,movie,28 Feb 2020,92,Comedy,Chris Henchy,English,United States,N/A,N/A,0,0,5.7,35%,39,39,"7,401","$10,691,091",No,No,No,No
Phineas and Ferb the Movie: Candace Against the Universe,2020,movie,28 Aug 2020,86,"Animation, Adventure, Comedy",Bob Bowen,English,"United States, Philippines, Germany, South Korea, China",N/A,1 win & 4 nominations,4,1,7.0,100%,77,77,"5,625",N/A,Yes,No,No,Yes
Deathstroke: Knights & Dragons - The Movie,2020,movie,04 Aug 2020,87,"Animation, Action, Adventure",Sung Jin Ahn,"English, Spanish",United States,N/A,N/A,0,0,6.3,82%,N,N/A,"4,301",N/A,Yes,Yes,No,No
We Bare Bears: The Movie,2020,movie,30 Jun 2020,69,"Animation, Adventure, Comedy",Daniel Chong,English,"United States, China, South Korea, Canada",N/A,N/A,0,0,6.8,N/A,N,N/A,"2,627",N/A,Yes,No,No,Yes
Pokémon the Movie: Secrets of the Jungle,2020,movie,08 Oct 2021,99,"Animation, Action, Adventure",Tetsuo Yajima,Japanese,Japan,N/A,N/A,0,0,6.4,N/A,N,N/A,"2,615",N/A,Yes,No,No,No
Masameer: The Movie,2020,movie,09 Jan 2020,110,Animation,Malik Nejer,Arabic,Saudi Arabia,N/A,N/A,0,0,6.0,N/A,N,N/A,"2,566",N/A,No,No,No,No
Break the Silence: The Movie,2020,movie,24 Sep 2020,89,"Documentary, Music",Park Jun-soo,"Korean, English, Portuguese, Dutch",South Korea,N/A,1 win,0,1,8.3,N/A,N,N/A,"2,493",N/A,Yes,Yes,No,No
PAW Patrol: The Movie,2021,movie,20 Aug 2021,86,"Animation, Action, Adventure",Cal Brunker,English,"Canada, United States",N/A,3 wins & 4 nominations,4,3,6.1,80%,50,50,"8,725","$40,127,371",Yes,No,No,Yes
The Loud House Movie,2021,movie,20 Aug 2021,83,"Animation, Adventure, Comedy",Dave Needham,English,"United States, Philippines, Austria",N/A,2 nominations,2,0,6.1,N/A,N,N/A,"3,020",N/A,Yes,No,No,Yes
2gether: The Movie,2021,movie,11 Nov 2021,107,"Comedy, Musical, Romance","Noppharnach Chaiwimol, Kanittha Kwanyu, Weerachit Thongjila",Thai,Thailand,N/A,N/A,0,0,6.7,N/A,N,N/A,"2,321",N/A,Yes,No,No,No
A Cop Movie,2021,movie,05 Nov 2021,107,"Documentary, Action, Crime",Alonso Ruizpalacios,Spanish,Mexico,N/A,7 wins & 20 nominations,20,7,7.0,93%,76,76,"2,229",N/A,Yes,No,No,No
Shatagni - The Movie,2021,movie,19 Nov 2021,N/A,"Action, Crime, Thriller",Lv Siva,Telugu,India,N/A,N/A,0,0,N/A,N/A,N,N/A,"2,007",N/A,Yes,No,No,No
Blackpink: The Movie,2021,movie,04 Aug 2021,100,"Documentary, Music","Su Yee Jung, Oh Yoon-Dong",Korean,South Korea,N/A,N/A,0,0,6.8,N/A,N,N/A,"1,601",N/A,Yes,No,No,No
Untitled Horror Movie,2021,movie,15 Jun 2021,87,"Comedy, Horror",Nick Simon,English,United States,N/A,N/A,0,0,4.8,82%,N,N/A,"1,448",N/A,Yes,No,No,No
The Balcony Movie,2021,movie,30 Nov 2022,100,Documentary,Pawel Lozinski,"English, Russian, Polish",Poland,N/A,8 wins & 9 nominations,9,8,7.5,100%,N,N/A,"1,301",N/A,No,Yes,No,No
a-ha: The Movie,2021,movie,03 Sep 2021,109,"Documentary, Biography, Music","Thomas Robsahm, Aslaug Holm","Norwegian, English, German","Norway, Germany",N/A,3 nominations,3,0,7.0,81%,56,56,"1,294","$4,258",Yes,Yes,No,Yes
Super Heroes: The Movie,2021,movie,02 Feb 2021,80,Romance,Wesley Wittkamper,English,N/A,N/A,N/A,0,0,7.3,N/A,N,N/A,"1,242",N/A,No,No,No,No
The Bob's Burgers Movie,2022,movie,27 May 2022,102,"Animation, Adventure, Comedy","Loren Bouchard, Bernard Derriman","English, German",United States,N/A,2 nominations,2,0,7.0,87%,75,75,"22,251","$31,933,830",Yes,Yes,No,No
Ray Donovan: The Movie,2022,movie,14 Jan 2022,100,"Crime, Drama, Thriller",David Hollander,English,United States,N/A,Nominated for 1 Primetime Emmy. 4 nominations total,4,0,6.8,81%,67,67,"9,675",N/A,Yes,No,No,No
Rise of the Teenage Mutant Ninja Turtles: The Movie,2022,movie,05 Aug 2022,82,"Animation, Action, Adventure","Andy Suriano, Ant Ward",English,"United States, Germany, Philippines, Belgium, Canada, India",N/A,2 wins & 3 nominations,3,2,6.2,79%,61,61,"7,259",N/A,Yes,No,No,Yes
Monster High: The Movie,2022,movie,06 Oct 2022,92,"Action, Adventure, Comedy",Todd Holland,"Zulu, English","United States, Canada",Universal Pictures,4 wins & 10 nominations,10,4,5.1,N/A,N,N/A,"3,466",N/A,Yes,Yes,No,Yes
The Quintessential Quintuplets Movie,2022,movie,20 May 2022,136,"Animation, Comedy, Drama",Masato Jinbô,Japanese,Japan,N/A,N/A,0,0,7.2,92%,N,N/A,"2,229","$502,000",Yes,No,No,No
That Time I Got Reincarnated as a Slime the Movie: Scarlet Bond,2022,movie,25 Nov 2022,114,"Animation, Action, Adventure",Yasuhito Kikuchi,Japanese,Japan,N/A,N/A,0,0,6.9,53%,41,41,"2,178","$1,588,491",Yes,No,No,No
The Nan Movie,2022,movie,18 Mar 2022,95,"Adventure, Comedy",Josie Rourke,English,United Kingdom,N/A,1 win & 2 nominations,2,1,4.8,0%,N,N/A,"1,589",N/A,Yes,No,No,No
The Soccer Football Movie,2022,movie,09 Nov 2022,73,"Animation, Comedy, Family",Mitch Schauer,English,"United States, Thailand, Canada",N/A,N/A,0,0,3.1,N/A,N,N/A,"1,280",N/A,Yes,No,No,Yes
The Super Mario Bros. Movie,2023,movie,05 Apr 2023,92,"Animation, Adventure, Comedy","Aaron Horvath, Michael Jelenic, Pierre Leduc",English,"United States, Japan",N/A,2 wins & 48 nominations,48,2,7.0,59%,46,46,"251,438","$574,934,330",Yes,No,No,Yes
Still: A Michael J. Fox Movie,2023,movie,12 May 2023,95,"Documentary, Biography",Davis Guggenheim,English,United States,N/A,Won 4 Primetime Emmys. 47 wins & 39 nominations total,39,47,8.1,99%,78,78,"16,163",N/A,Yes,No,No,No
Teen Wolf: The Movie,2023,movie,26 Jan 2023,141,"Action, Drama, Fantasy",Russell Mulcahy,"English, Korean",United States,N/A,1 nomination,1,0,5.6,32%,51,51,"15,034",N/A,Yes,Yes,No,No
Mr. Monk's Last Case: A Monk Movie,2023,movie,08 Dec 2023,97,"Comedy, Crime, Mystery",Randy Zisk,English,United States,N/A,Nominated for 1 Primetime Emmy. 8 nominations total,8,0,6.7,96%,N,N/A,"9,755",N/A,Yes,No,No,No
"Miraculous: Ladybug & Cat Noir, the Movie",2023,movie,28 Jul 2023,105,"Animation, Action, Adventure",Jeremy Zag,"English, French, Spanish","France, China, Canada",N/A,1 nomination,1,0,6.1,50%,N,N/A,"7,016",N/A,Yes,Yes,No,Yes
PAW Patrol: The Mighty Movie,2023,movie,29 Sep 2023,88,"Animation, Action, Adventure",Cal Brunker,English,"Canada, United States",N/A,1 win & 8 nominations,8,1,5.9,72%,N,N/A,"5,438","$65,231,360",Yes,No,No,Yes
The Gilbert Diaries: The Movie,2023,movie,02 Feb 2023,97,Comedy,"Janet Cutugno, Frank Modica, Paul Venier",English,United States,N/A,3 wins,0,3,5.0,N/A,N,N/A,"1,607",N/A,No,No,No,No
Doraemon the Movie: Nobita's Sky Utopia,2023,movie,03 Mar 2023,107,"Animation, Adventure, Comedy",Takumi Doyama,Japanese,Japan,N/A,N/A,0,0,6.8,N/A,N,N/A,"1,250",N/A,Yes,No,No,No
Climate: The Movie (The Cold Truth),2023,movie,23 Mar 2023,80,Documentary,"Martin Durkin, Martin O'Toole",English,United Kingdom,N/A,N/A,0,0,6.6,N/A,N,N/A,910,N/A,No,No,No,No
Die Hart: The Movie,2023,movie,24 Feb 2023,78,"Action, Comedy",Eric Appel,N/A,N/A,N/A,N/A,0,0,4.5,43%,N,N/A,830,N/A,Yes,No,No,No
